Workbook
Name UKHoliday: 'UK Holiday'!$A$1:$A$3

Sheet Attendance Dump
A1: Name | B1: Employee Code | C1: Role | D1: Function | E1: 46079 | F1: =E1+1 -> 46080 | G1: =F1+1 -> 46081 | H1: =G1+1 -> 46082 | I1: =H1+1 -> 46083 | J1: =I1+1 -> 46084 | K1: =J1+1 -> 46085 | L1: =K1+1 -> 46086 | M1: =L1+1 -> 46087 | ... AI1: =AH1+1 -> 46109
A2: A B Jassna | B2: BOI9592 | E2: P | F2: P | G2: P | H2: WO | I2: PL | J2: P | K2: P | L2: P | M2: P | N2: P | O2: WO | P2: P | Q2: P | R2: P | S2: P | T2: P | U2: P | V2: WO | W2: P | X2: P | Y2: P | Z2: H(P) | AA2: PL | AB2: PL | AC2: WO | AD2: P | AE2: P | AF2: P
A3: A Dhanasekaran | B3: BOI10140 | E3: P | F3: P | G3: P | H3: WO | I3: P | J3: P | K3: P | L3: P | M3: P | N3: P | O3: WO | P3: P | Q3: P | R3: P | S3: P | T3: P | U3: P | V3: WO | W3: P | X3: P | Y3: PL | Z3: H(P) | AA3: P | AB3: P | AC3: WO | AD3: P | AE3: P | AF3: P
A4: A Mary Anitha | B4: BOI10437 | E4: P | F4: P | G4: P | H4: WO | I4: P | J4: P | K4: P | L4: P | M4: P | N4: P | O4: WO | P4: P | Q4: P | R4: P | S4: P | T4: P | U4: P | V4: WO | W4: P | X4: P | Y4: P | Z4: H(P) | AA4: P | AB4: P | AC4: WO | AD4: P | AE4: P | AF4: P
A5: A Muthuramalingam | B5: BOI9884 | E5: P | F5: P | G5: P | H5: WO | I5: P | J5: P | K5: P | L5: PL | M5: PL | N5: P | O5: WO | P5: P | Q5: P | R5: P | S5: P | T5: P | U5: P | V5: WO | W5: P | X5: P | Y5: P | Z5: H(P) | AA5: P | AB5: P | AC5: WO | AD5: P | AE5: P | AF5: P
A6: A Ramesh | B6: BOI9862 | E6: PL-HL | F6: P | G6: P | H6: WO | I6: P | J6: P | K6: P | L6: P | M6: P | N6: P | O6: WO | P6: P | Q6: P | R6: P | S6: P | T6: P | U6: P | V6: WO | W6: P | X6: P | Y6: P | Z6: H(P) | AA6: P | AB6: P | AC6: WO | AD6: P | AE6: P | AF6: P
A7: A Roopa | B7: BOI10166 | E7: PL-HL | F7: P | G7: P | H7: WO | I7: PM | J7: P | K7: P | L7: PL | M7: P | N7: P | O7: WO | P7: P | Q7: P | R7: P | S7: P | T7: P | U7: P | V7: WO | W7: P | X7: P | Y7: P | Z7: H | AA7: SL | AB7: P | AC7: WO | AD7: P | AE7: P | AF7: P
A8: A Shalini R | B8: BOI10368 | E8: P | F8: P | G8: P | H8: WO | I8: P | J8: P | K8: P | L8: P | M8: P | N8: P | O8: WO | P8: P | Q8: P | R8: P | S8: P | T8: P | U8: P | V8: WO | W8: P | X8: P | Y8: P | Z8: H(P) | AA8: P | AB8: P | AC8: WO | AD8: P | AE8: P | AF8: P
A9: A Tanveer | B9: BOI8502 | E9: P | F9: P | G9: P | H9: WO | I9: P | J9: P | K9: P | L9: P | M9: P | N9: P | O9: WO | P9: P | Q9: P | R9: P | S9: P | T9: P | U9: P | V9: WO | W9: P | X9: P | Y9: P | Z9: H(P) | AA9: P | AB9: P | AC9: WO | AD9: PL | AE9: P | AF9: P
A10: Aasif Nabi Marazi | B10: BOI9101 | E10: P | F10: P | G10: P | H10: WO | I10: SL-HLA1 | J10: SL-HL | K10: P | L10: P | M10: P | N10: P | O10: WO | P10: P | Q10: P | R10: P | S10: P | T10: P | U10: P | V10: WO | W10: P | X10: P | Y10: P | Z10: H(P) | AA10: P | AB10: DL | AC10: WO | AD10: P | AE10: P | AF10: P
A11: Abdul Kalam | B11: BOI11072 | E11: P | F11: P | G11: P | H11: WO | I11: P | J11: P | K11: P | L11: P | M11: P | N11: P | O11: WO | P11: P | Q11: P | R11: P | S11: P | T11: P | U11: P | V11: WO | W11: P | X11: P | Y11: PL | Z11: H(P) | AA11: P | AB11: DL | AC11: WO | AD11: LWP-LWP | AE11: P | AF11: P
A12: Ambily P | B12: BOI10563 | E12: P | F12: P | G12: P | H12: WO | I12: P | J12: PL | K12: P | L12: P | M12: PL | N12: P | O12: WO | P12: P | Q12: P | R12: P | S12: P | T12: P | U12: P | V12: WO | W12: P | X12: P | Y12: SL-HL | Z12: H(P) | AA12: P | AB12: P | AC12: WO | AD12: P | AE12: P | AF12: P
A13: Ammeripadathu Bindu sundaresan | B13: BOI11040 | E13: P | F13: P | G13: BL | H13: WO | I13: P | J13: P | K13: P | L13: P | M13: P | N13: P | O13: WO | P13: P | Q13: P | R13: P | S13: P | T13: P | U13: P | V13: WO | W13: P | X13: P | Y13: P | Z13: H(P) | AA13: P | AB13: P | AC13: WO | AD13: P | AE13: P | AF13: P
... A23: Anoop Kumar Singh s | B23: BOI9952 | E23: P | F23: P | G23: PL | H23: WO | I23: P | J23: P | K23: P | L23: SL | M23: P | N23: PL | O23: WO | P23: P | Q23: P | R23: P | S23: P | T23: P | U23: PL | V23: WO | W23: P | X23: P | Y23: P | Z23: H(P) | AA23: P | AB23: P | AC23: WO | AD23: P | AE23: P | AF23: P
A24: Arjitha Devi J | B24: BOI11118 | E24: P | F24: P | G24: A | H24: WO | I24: P | J24: P | K24: P
A25: Arjun G M | B25: BOI8657 | E25: P | F25: P | G25: P | H25: WO | I25: P | J25: P | K25: P | L25: P | M25: P | N25: PL | O25: WO | P25: P | Q25: P | R25: P | S25: P | T25: P | U25: P | V25: WO | W25: PL | X25: P | Y25: P | Z25: H(P) | AA25: P | AB25: P | AC25: WO | AD25: P | AE25: P | AF25: P
A26: Arun J | B26: BOI8618 | E26: P | F26: P | G26: P | H26: WO | I26: SL | J26: P | K26: P | L26: P | M26: P | N26: PL | O26: WO | P26: P | Q26: P | R26: P | S26: P | T26: P | U26: P | V26: WO | W26: P | X26: P | Y26: P | Z26: H | AA26: P | AB26: P | AC26: WO | AD26: P | AE26: P | AF26: P
A27: Arunkumar T | B27: BOI10378 | E27: P | F27: P | G27: P | H27: WO | I27: PL | J27: P | K27: P | L27: P | M27: P | N27: P | O27: WO | P27: P | Q27: P | R27: P | S27: P | T27: P | U27: P | V27: WO | W27: P | X27: P | Y27: P | Z27: H(P) | AA27: P | AB27: P | AC27: WO | AD27: P | AE27: P | AF27: P
A28: Ashwini B S | B28: BOI8013 | E28: P | F28: P | G28: P | H28: WO | I28: P | J28: P | K28: P | L28: P | M28: P | N28: P | O28: WO | P28: P | Q28: P | R28: P | S28: P | T28: P | U28: P | V28: WO | W28: P | X28: P | Y28: P | Z28: H(P) | AA28: P | AB28: P | AC28: WO | AD28: P | AE28: P | AF28: P
A29: Ashwini Rao | B29: BOI10962 | E29: P | F29: P | G29: P | H29: WO | I29: P | J29: P | K29: P | L29: P | M29: P | N29: P | O29: WO | P29: P | Q29: P | R29: P | S29: P | T29: P | U29: P | V29: WO | W29: P | X29: P | Y29: P | Z29: H | AA29: P | AB29: P | AC29: WO | AD29: P | AE29: P | AF29: A
A30: Ayaz Ahmed Khan | B30: BOI9340 | E30: P | F30: P | G30: P | H30: WO | I30: P | J30: P | K30: P | L30: P | M30: P | N30: P | O30: WO | P30: P | Q30: P | R30: P | S30: P | T30: P | U30: P | V30: WO | W30: P | X30: P | Y30: P | Z30: H(P) | AA30: P | AB30: DL | AC30: WO | AD30: P | AE30: P | AF30: P
A31: Azeezulla Shariff N | B31: BOI10224 | E31: P | F31: P | G31: P | H31: WO | I31: P | J31: P | K31: P | L31: P | M31: P | N31: P | O31: WO | P31: P | Q31: P | R31: P | S31: P | T31: P | U31: P | V31: WO | W31: P | X31: P | Y31: P | Z31: H(P) | AA31: P | AB31: DL | AC31: WO | AD31: P | AE31: P | AF31: P
A32: B Deneshkumar | B32: BOI10126 | E32: A | F32: A | G32: A | H32: WO | I32: A | J32: A
A33: B P R prasad rao | B33: BOI8770 | E33: P | F33: P | G33: P | H33: WO | I33: P | J33: P | K33: P | L33: P | M33: P | N33: P | O33: WO | P33: P | Q33: P | R33: P | S33: P | T33: P | U33: P | V33: WO | W33: SL | X33: P | Y33: P | Z33: H | AA33: P | AB33: P | AC33: WO | AD33: P | AE33: P | AF33: P
A34: B S Varahi | B34: BOI10613 | E34: PL | F34: P | G34: P | H34: WO | I34: P | J34: P | K34: P | L34: P | M34: P | N34: P | O34: WO | P34: P | Q34: P | R34: P | S34: P | T34: P | U34: P | V34: WO | W34: P | X34: P | Y34: P | Z34: H | AA34: P | AB34: P | AC34: WO | AD34: P | AE34: SL | AF34: SL
A35: Badrudduja A | B35: BOI10517 | E35: P | F35: P | G35: P | H35: WO | I35: P | J35: P | K35: P | L35: P | M35: P | N35: P | O35: WO | P35: P | Q35: P | R35: P | S35: P | T35: P | U35: P | V35: WO | W35: P | X35: P | Y35: P | Z35: H(P) | AA35: PL | AB35: PL | AC35: WO | AD35: P | AE35: P | AF35: P
A36: Basavanni Laxman Tigadi | B36: BOI9978 | E36: P | F36: PL-HL | G36: P | H36: WO | I36: P | J36: P | K36: P | L36: P | M36: SL-HL | N36: P | O36: WO | P36: P | Q36: P | R36: PL-HL | S36: P | T36: P | U36: P | V36: WO | W36: P | X36: P | Y36: PL-HL | Z36: H | AA36: P | AB36: P | AC36: WO | AD36: P | AE36: P | AF36: P
A37: Bhagat Singh Narbahadur khatayat | B37: BOI10668 | E37: P | F37: P | G37: P | H37: WO | I37: P | J37: SL-HL | K37: P | L37: P | M37: P | N37: P | O37: WO | P37: P | Q37: P | R37: P | S37: P | T37: P | U37: P | V37: WO | W37: P | X37: P | Y37: P | Z37: H(P) | AA37: P | AB37: P | AC37: WO | AD37: P | AE37: P | AF37: P
A38: Bharti . | B38: BOI11120 | E38: SL | F38: P | G38: P | H38: WO | I38: P | J38: P | K38: P | L38: P | M38: P | N38: P | O38: WO | P38: P | Q38: P | R38: P | S38: P | T38: P | U38: P | V38: WO | W38: P | X38: P | Y38: P | Z38: H(P) | AA38: P | AB38: P | AC38: WO | AD38: P | AE38: P | AF38: P
A39: Bhaskar S | B39: BOI8268 | E39: P | F39: P | G39: P | H39: WO | I39: P | J39: P | K39: P | L39: P | M39: P | N39: P | O39: WO | P39: P | Q39: P | R39: P | S39: P | T39: P | U39: P | V39: WO | W39: P | X39: P | Y39: P | Z39: H(P) | AA39: P | AB39: P | AC39: WO | AD39: P | AE39: P | AF39: P
A40: Bhavani K | B40: BOI10977 | E40: P | F40: P | G40: P | H40: WO | I40: P | J40: P | K40: P | L40: P | M40: P | N40: P | O40: WO | P40: P | Q40: P | R40: P | S40: P | T40: P | U40: P | V40: WO | W40: P | X40: P | Y40: P | Z40: H(P) | AA40: P | AB40: P | AC40: WO | AD40: PL | AE40: CO | AF40: P
A41: Bhavya C | B41: BOI9253 | E41: P | F41: P | G41: PL | H41: WO | I41: P | J41: BL | K41: BL | L41: BL | M41: BL | N41: PL | O41: PL | P41: PL | Q41: PL | R41: P | S41: P | T41: P | U41: P | V41: WO | W41: P | X41: PL | Y41: PL | Z41: H | AA41: P | AB41: P | AC41: WO | AD41: P | AE41: P | AF41: P
A42: Bhoomika K | B42: BOI10587 | E42: P | F42: P | G42: P | H42: WO | I42: P | J42: P | K42: P | L42: P | M42: P | N42: P | O42: WO | P42: P | Q42: P | R42: P | S42: P | T42: P | U42: P | V42: WO | W42: P | X42: P | Y42: P | Z42: H(P) | AA42: P | AB42: P | AC42: WO | AD42: P | AE42: P | AF42: P
A43: Bhushan Shriprakash Kokal | B43: BOI10575 | E43: P | F43: P | G43: P | H43: WO | I43: P | J43: P | K43: P | L43: P | M43: P | N43: P | O43: WO | P43: P | Q43: P | R43: P | S43: P | T43: P | U43: P | V43: WO | W43: P | X43: P | Y43: P | Z43: H(P) | AA43: P | AB43: P | AC43: WO | AD43: P | AE43: P | AF43: P
A44: Biju T a | B44: BOI10809 | E44: P | F44: P | G44: P | H44: WO | I44: P | J44: P | K44: P | L44: P | M44: P | N44: P | O44: WO | P44: P | Q44: P | R44: P | S44: P | T44: P | U44: P | V44: WO | W44: P | X44: P | Y44: P | Z44: H | AA44: PL | AB44: P | AC44: WO | AD44: P | AE44: P | AF44: P
... A56: Clement Kiran | B56: BOI11038 | E56: P | F56: P | G56: P | H56: WO | I56: P | J56: P | K56: P | L56: P | M56: P | N56: P | O56: WO | P56: P | Q56: P | R56: P | S56: P | T56: P | U56: P | V56: WO | W56: P | X56: P | Y56: P | Z56: H(P) | AA56: P | AB56: P | AC56: WO | AD56: P | AE56: P | AF56: A
A57: Constantin Aseriea Jefferson | B57: BOI10058 | E57: P | F57: P | G57: A | H57: WO | I57: LWP-LWP | J57: LWP-LWP | K57: LWP-LWP | L57: LWP-LWP | M57: A
A58: D Rajkumar | B58: BOI9857 | E58: P | F58: P | G58: P | H58: WO | I58: P | J58: P | K58: P | L58: P | M58: P | N58: P | O58: WO | P58: P | Q58: P | R58: P | S58: P | T58: P | U58: P | V58: WO | W58: P | X58: P | Y58: P | Z58: H(P) | AA58: P | AB58: P | AC58: WO | AD58: P | AE58: P | AF58: BL
A59: Dakshayini D | B59: BOI11173 | E59: P | F59: P | G59: P | H59: WO | I59: P | J59: P | K59: P | L59: P | M59: P | N59: P | O59: WO | P59: P | Q59: P | R59: P | S59: P | T59: P | U59: P | V59: WO | W59: P | X59: PL-HL | Y59: P | Z59: H(P) | AA59: PL-HL | AB59: PM | AC59: WO | AD59: P | AE59: BL | AF59: P
A60: Deepak Karkada | B60: BOI10918 | E60: P | F60: P | G60: P | H60: WO | I60: P | J60: P | K60: P | L60: P | M60: P | N60: P | O60: WO | P60: PL | Q60: P | R60: P | S60: P | T60: P | U60: P | V60: WO | W60: SL | X60: P | Y60: P | Z60: H(P) | AA60: P | AB60: P | AC60: WO | AD60: P | AE60: PL-HL | AF60: PL-HL
A61: Dhanalakshmi L | B61: BOI8515 | E61: P | F61: P | G61: P | H61: WO | I61: P | J61: P | K61: P | L61: P | M61: P | N61: P | O61: WO | P61: P | Q61: P | R61: BL | S61: P | T61: P | U61: P | V61: WO | W61: P | X61: P | Y61: P | Z61: H | AA61: P | AB61: P | AC61: WO | AD61: P | AE61: P | AF61: P
A62: Dhanalakshmi L | B62: BOI8922 | E62: P | F62: P | G62: PL | H62: WO | I62: P | J62: P | K62: P | L62: P | M62: P | N62: P | O62: WO | P62: P | Q62: P | R62: P | S62: P | T62: P | U62: P | V62: WO | W62: P | X62: P | Y62: P | Z62: H(P) | AA62: P | AB62: P | AC62: WO | AD62: P | AE62: P | AF62: P
A63: Dhananjaya Prasad N r | B63: BOI10533 | E63: P | F63: P | G63: P | H63: WO | I63: P | J63: P | K63: P | L63: P | M63: P | N63: P | O63: WO | P63: P | Q63: P | R63: P | S63: P | T63: P | U63: P | V63: WO | W63: P | X63: P | Y63: PL | Z63: H(P) | AA63: P | AB63: P | AC63: WO | AD63: P | AE63: P | AF63: P
A64: Dhiman Chaudhuri | B64: BOI11182 | E64: P | F64: P | G64: P | H64: WO | I64: P | J64: P | K64: P | L64: P | M64: P | N64: P | O64: WO | P64: P | Q64: P | R64: P | S64: P | T64: P | U64: P | V64: WO | W64: P | X64: P | Y64: P | Z64: H(P) | AA64: P | AB64: P | AC64: WO | AD64: P | AE64: P | AF64: P
A65: Dinakar Sampath | B65: BOI8527 | E65: P | F65: P | G65: P | H65: WO | I65: P | J65: P | K65: P | L65: P | M65: P | N65: P | O65: WO | P65: P | Q65: P | R65: P | S65: P | T65: P | U65: P | V65: WO | W65: P | X65: P | Y65: P | Z65: H(P) | AA65: P | AB65: PL | AC65: WO | AD65: P | AE65: P | AF65: P
A66: Dr Matte Sridhar | B66: BOI9945 | E66: P | F66: P | G66: P | H66: WO | I66: P | J66: P | K66: P | L66: P | M66: P | N66: P | O66: WO | P66: P | Q66: P | R66: SL | S66: SL | T66: P | U66: P | V66: WO | W66: P | X66: P | Y66: P | Z66: H(P) | AA66: P | AB66: P | AC66: WO | AD66: P | AE66: P | AF66: PL
A67: Elizabeth Alexander | B67: BOIC009 | E67: P | F67: P | G67: P | H67: WO | I67: P | J67: P | K67: P | L67: P | M67: P | N67: P | O67: WO | P67: P | Q67: P | R67: P | S67: P | T67: P | U67: P | V67: WO | W67: P | X67: P | Y67: P | Z67: H(P) | AA67: P | AB67: P | AC67: WO | AD67: P | AE67: P | AF67: P
A68: Ezilarasi N | B68: BOI10329 | E68: P | F68: P | G68: P | H68: WO | I68: P | J68: P | K68: P | L68: P | M68: P | N68: P | O68: WO | P68: P | Q68: PL | R68: P | S68: P | T68: P | U68: P | V68: WO | W68: P | X68: P | Y68: P | Z68: H(P) | AA68: P | AB68: PL | AC68: WO | AD68: P | AE68: P | AF68: P
A69: Faisal Mohammed | B69: BOI8263 | E69: P | F69: P | G69: P | H69: WO | I69: P | J69: P | K69: P | L69: P | M69: P | N69: P | O69: WO | P69: P | Q69: P | R69: P | S69: P | T69: P | U69: P | V69: WO | W69: P | X69: PL | Y69: P | Z69: H(P) | AA69: P | AB69: PL | AC69: WO | AD69: P | AE69: P | AF69: P
... A96: K Rajesh Singh | B96: BOI8932 | E96: P | F96: P | G96: P | H96: WO | I96: P | J96: P | K96: P | L96: P | M96: P | N96: P | O96: WO | P96: P | Q96: P | R96: P | S96: P | T96: P | U96: SL-HL | V96: WO | W96: P | X96: P | Y96: P | Z96: H(P) | AA96: P | AB96: P | AC96: WO | AD96: P | AE96: P | AF96: P
A97: Kalpana Rampur | B97: BOI10803 | E97: P | F97: P | G97: P | H97: WO | I97: P | J97: P
A98: Kalva Vamsi Kiran | B98: BOI9767 | E98: P | F98: P | G98: SL-HL | H98: WO | I98: SL | J98: P | K98: P | L98: P | M98: P | N98: P | O98: WO | P98: P | Q98: P | R98: P | S98: SL-HL | T98: P | U98: P | V98: WO | W98: P | X98: P | Y98: SL-HL | Z98: H | AA98: P | AB98: PL | AC98: PL | AD98: PL | AE98: PL | AF98: PL
A99: Kanniga V | B99: BOI10866 | E99: P | F99: P | G99: P | H99: WO | I99: P | J99: P | K99: P | L99: P | M99: P | N99: P | O99: WO | P99: PL | Q99: P | R99: P | S99: P | T99: P | U99: P | V99: WO | W99: P | X99: P | Y99: P | Z99: H(P) | AA99: P | AB99: P | AC99: WO | AD99: P | AE99: P | AF99: P
A100: Kaviarasu D | B100: BOI8982 | E100: P | F100: P | G100: P | H100: WO | I100: P | J100: P | K100: P | L100: P | M100: P | N100: P | O100: WO | P100: PL | Q100: P | R100: P | S100: P | T100: P | U100: P | V100: WO | W100: P | X100: P | Y100: P | Z100: H(P) | AA100: P | AB100: P | AC100: WO | AD100: P | AE100: P | AF100: P
A101: Kavitha A r | B101: BOI10968 | E101: P | F101: P | G101: P | H101: WO | I101: P | J101: PL | K101: P | L101: P | M101: P | N101: P | O101: WO | P101: PL | Q101: P | R101: P | S101: P | T101: P | U101: P | V101: WO | W101: P | X101: P | Y101: P | Z101: H(P) | AA101: P | AB101: P | AC101: WO | AD101: P | AE101: P | AF101: P
A102: Kavitha G | B102: BOI9422 | E102: P | F102: P | G102: P | H102: WO | I102: P | J102: P | K102: P | L102: P | M102: P | N102: P | O102: WO | P102: P | Q102: P | R102: P | S102: P | T102: P | U102: P | V102: WO | W102: P | X102: P | Y102: P | Z102: H(P) | AA102: P | AB102: P | AC102: WO | AD102: P | AE102: P | AF102: P
A103: Kavitha Prakash | B103: BOI8118 | E103: P | F103: P | G103: PL | H103: WO | I103: P | J103: P | K103: P | L103: P | M103: P | N103: PL | O103: WO | P103: P | Q103: P | R103: P | S103: P | T103: P | U103: P | V103: WO | W103: P | X103: P | Y103: P | Z103: H | AA103: P | AB103: P | AC103: WO | AD103: P | AE103: P | AF103: P
A104: Keshava Pai N S | B104: BOI10849 | E104: P | F104: P | G104: P | H104: WO | I104: P | J104: P | K104: P | L104: P | M104: P | N104: P | O104: WO | P104: P | Q104: P | R104: P | S104: P | T104: P | U104: P | V104: WO | W104: PL | X104: P | Y104: PL-HL | Z104: H(P) | AA104: P | AB104: P | AC104: WO | AD104: P | AE104: P | AF104: PL-HL
A105: Kiran Byregowda | B105: BOI11168 | E105: P | F105: P | G105: P | H105: WO | I105: P | J105: P | K105: P | L105: P | M105: P | N105: P | O105: WO | P105: P | Q105: P | R105: P | S105: P | T105: P | U105: P | V105: WO | W105: P | X105: P | Y105: P | Z105: H(P) | AA105: P | AB105: P | AC105: WO | AD105: P | AE105: P | AF105: P
A106: Krishnaprasad L R | B106: BOI10432 | E106: P | F106: P | G106: P | H106: WO | I106: P | J106: P | K106: P | L106: P | M106: P | N106: P | O106: WO | P106: P | Q106: P | R106: P | S106: P | T106: P | U106: P | V106: WO | W106: P | X106: P | Y106: P | Z106: H(P) | AA106: P | AB106: P | AC106: WO | AD106: P | AE106: P | AF106: P
A107: Krishnaveni V | B107: BOI10569 | E107: P | F107: P | G107: P | H107: WO | I107: P | J107: P | K107: P | L107: P | M107: P | N107: P | O107: WO | P107: P | Q107: P | R107: P | S107: P | T107: P | U107: P | V107: WO | W107: P | X107: P | Y107: P | Z107: H(P) | AA107: P | AB107: P | AC107: WO | AD107: P | AE107: P | AF107: P
A108: Laeeqh Ahmed Ansari | B108: BOI10377 | E108: P | F108: P | G108: P | H108: WO | I108: PL | J108: P | K108: P | L108: P | M108: P | N108: P | O108: WO | P108: P | Q108: P | R108: P | S108: P | T108: P | U108: P | V108: WO | W108: P | X108: P | Y108: P | Z108: H(P) | AA108: P | AB108: PL | AC108: WO | AD108: P | AE108: P | AF108: P
A109: Lalitha V | B109: BOI11091 | E109: SL-HL | F109: PL | G109: P | H109: WO | I109: P | J109: P | K109: PM | L109: P | M109: P | N109: P | O109: WO | P109: P | Q109: P | R109: P | S109: P | T109: P | U109: P | V109: WO | W109: P | X109: P | Y109: P | Z109: H(P) | AA109: P | AB109: P | AC109: WO | AD109: P | AE109: P | AF109: A
... A190: Ravi Kumar Nk | B190: BOI10570 | E190: P | F190: P | G190: P | H190: WO | I190: P | J190: P | K190: P | L190: P | M190: P | N190: PL | O190: WO | P190: P | Q190: P | R190: P | S190: P | T190: P | U190: P | V190: WO | W190: P | X190: P | Y190: P | Z190: H(P) | AA190: P | AB190: P | AC190: WO | AD190: P | AE190: P | AF190: P
A191: Ravi N | B191: BOIC008 | E191: P | F191: PL | G191: P | H191: WO | I191: P | J191: P | K191: PL | L191: PL | M191: PL | N191: PL | O191: PL | P191: PL | Q191: PL | R191: PL | S191: PL | T191: PL | U191: PL | V191: PL | W191: PL | X191: PL
A192: Reena R | B192: BOI11191 | E192: P | F192: P | G192: P | H192: WO | I192: P | J192: P | K192: P | L192: P | M192: P | N192: P | O192: WO | P192: P | Q192: P | R192: P | S192: P | T192: P | U192: P | V192: WO | W192: P | X192: P | Y192: P | Z192: H(P) | AA192: P | AB192: P | AC192: WO | AD192: P | AE192: P | AF192: P
A193: Renuka Prasad Suragihalli | B193: BOI10681 | E193: P | F193: P | G193: SL | H193: WO | I193: P | J193: SL | K193: P | L193: P | M193: P | N193: P | O193: WO | P193: P | Q193: P | R193: P | S193: P | T193: P | U193: P | V193: WO | W193: P | X193: P | Y193: P | Z193: H(P) | AA193: P | AB193: P | AC193: WO | AD193: P | AE193: P | AF193: P
A194: Reshma Balakrishnan | B194: BOI10759 | E194: P | F194: P | G194: P | H194: WO | I194: P | J194: P | K194: P | L194: P | M194: P | N194: P | O194: WO | P194: P | Q194: P | R194: P | S194: P | T194: P | U194: P | V194: WO | W194: P | X194: P | Y194: P | Z194: H(P) | AA194: P | AB194: P | AC194: WO | AD194: P | AE194: P | AF194: P
A195: Reshma S | B195: BOI10762 | E195: P | F195: P | G195: P | H195: WO | I195: P | J195: P | K195: P | L195: P | M195: P | N195: P | O195: WO | P195: P | Q195: P | R195: P | S195: PL-HLA2 | T195: P | U195: P | V195: WO | W195: P | X195: P | Y195: P | Z195: H(P) | AA195: PL | AB195: PL | AC195: WO | AD195: P | AE195: P | AF195: P
A196: Rizwana Govind Bhandari | B196: BOI10031 | E196: P | F196: P | G196: P | H196: WO | I196: P | J196: P | K196: P | L196: P | M196: P | N196: P | O196: WO | P196: P | Q196: P | R196: P | S196: P | T196: P | U196: P | V196: WO | W196: P | X196: P | Y196: P | Z196: H(P) | AA196: PL | AB196: PL | AC196: WO | AD196: P | AE196: P | AF196: P
A197: Ruben Mathew | B197: BOI10886 | E197: SL | F197: P | G197: P | H197: WO | I197: P | J197: P | K197: P | L197: P | M197: SL | N197: SL | O197: WO | P197: P | Q197: P | R197: P | S197: P | T197: P | U197: P | V197: WO | W197: P | X197: P | Y197: P | Z197: H(P) | AA197: P | AB197: P | AC197: WO | AD197: P | AE197: P | AF197: P
A198: Ruqeeya Shabreen A | B198: BOI11145 | E198: P | F198: P | G198: P | H198: WO | I198: P | J198: P | K198: P | L198: P | M198: P | N198: P | O198: WO | P198: P | Q198: P | R198: P | S198: P | T198: P | U198: P | V198: WO | W198: P | X198: P | Y198: P | Z198: H(P) | AA198: CO | AB198: DL | AC198: WO | AD198: P | AE198: P | AF198: P
A199: S K Maniruzzaman | B199: BOI9042 | E199: P | F199: P | G199: P | H199: WO | I199: P | J199: P | K199: P | L199: P | M199: P | N199: P | O199: WO | P199: P | Q199: P | R199: P | S199: P | T199: P | U199: P | V199: WO | W199: P | X199: P | Y199: P | Z199: H(P) | AA199: P | AB199: PL | AC199: WO | AD199: P | AE199: P | AF199: P
A200: S Vivekananthi | B200: BOI11124 | E200: PL | F200: P | G200: P | H200: WO | I200: P | J200: P | K200: P | L200: P | M200: P | N200: P | O200: WO | P200: P | Q200: P | R200: P | S200: P | T200: P | U200: P | V200: WO | W200: P | X200: P | Y200: P | Z200: H(P) | AA200: PL | AB200: P | AC200: WO | AD200: P | AE200: P | AF200: P
A201: Sabitha R | B201: BOI10578 | E201: P | F201: P | G201: P | H201: WO | I201: SL | J201: P | K201: P | L201: P | M201: P | N201: P | O201: WO | P201: P | Q201: P | R201: P | S201: P | T201: P | U201: P | V201: WO | W201: P | X201: P | Y201: P | Z201: H(P) | AA201: P | AB201: P | AC201: WO | AD201: P | AE201: P | AF201: P
A202: Sadeesh Palanisamy | B202: BOI11174 | E202: P | F202: P | G202: P | H202: WO | I202: PL | J202: P | K202: P | L202: P | M202: P | N202: P | O202: WO | P202: P | Q202: P | R202: P | S202: P | T202: P | U202: P | V202: WO | W202: P | X202: P | Y202: P | Z202: H(P) | AA202: P | AB202: P | AC202: WO | AD202: P | AE202: P | AF202: P
A203: Sai Manohar Sundram | B203: BOI11134 | E203: P | F203: P | G203: P | H203: WO | I203: P | J203: P | K203: DL | L203: P | M203: SL | N203: P | O203: WO | P203: P | Q203: P | R203: P | S203: P | T203: SL-HL | U203: P | V203: WO | W203: PL-HL | X203: P | Y203: P | Z203: H(P) | AA203: P | AB203: P | AC203: WO | AD203: P | AE203: P | AF203: P
... A277: Utkarsh Narayan shinde | B277: BOI11029 | E277: P | F277: P | G277: P | H277: WO | I277: P | J277: P | K277: PL | L277: P | M277: P | N277: P | O277: WO | P277: P | Q277: P | R277: P | S277: P | T277: P | U277: P | V277: WO | W277: P | X277: P | Y277: P | Z277: H(P) | AA277: P | AB277: P | AC277: WO | AD277: P | AE277: P | AF277: P
A278: Uttam Kumar Roy | B278: BOI11194 | K278: P | L278: P | M278: P | N278: LWP-LWP | O278: WO | P278: P | Q278: P | R278: P | S278: P | T278: P | U278: P | V278: WO | W278: P | X278: P | Y278: P | Z278: H(P) | AA278: P | AB278: P | AC278: WO | AD278: P | AE278: P | AF278: P
A279: V Sumanth Kumar | B279: BOI11167 | E279: P | F279: P | G279: PL | H279: WO | I279: P | J279: P | K279: PL-HL | L279: P | M279: P | N279: P | O279: WO | P279: P | Q279: P | R279: P | S279: P | T279: P | U279: P | V279: WO | W279: P | X279: P | Y279: P | Z279: H(P) | AA279: P | AB279: P | AC279: WO | AD279: P | AE279: P | AF279: P
A280: Vanitha Madhavaraj | B280: BOI10406 | E280: P | F280: P | G280: P | H280: WO | I280: P | J280: P | K280: P | L280: PM | M280: P | N280: P | O280: WO | P280: P | Q280: P | R280: P | S280: P | T280: P | U280: P | V280: WO | W280: P | X280: P | Y280: P | Z280: H | AA280: P | AB280: P | AC280: WO | AD280: P | AE280: P | AF280: P
A281: Varalakshmi V | B281: BOI10163 | E281: P | F281: P | G281: P | H281: WO | I281: P | J281: P | K281: P | L281: P | M281: P | N281: P | O281: WO | P281: P | Q281: P | R281: P | S281: P | T281: P | U281: P | V281: WO | W281: P | X281: P | Y281: P | Z281: H | AA281: P | AB281: P | AC281: WO | AD281: P | AE281: P | AF281: P
A282: Varghese C T | B282: BOI9506 | E282: P | F282: P | G282: P | H282: WO | I282: P | J282: P | K282: P | L282: P | M282: P | N282: PL | O282: WO | P282: P | Q282: P | R282: P | S282: P | T282: P | U282: PL | V282: WO | W282: P | X282: P | Y282: P | Z282: H(P) | AA282: P | AB282: P | AC282: WO | AD282: P | AE282: P | AF282: P
A283: Varsha Santosh Patil | B283: BOI10501 | E283: P | F283: P | G283: P | H283: WO | I283: P | J283: PL | K283: PL | L283: PL | M283: PL | N283: PL | O283: WO | P283: P | Q283: P | R283: P | S283: P | T283: P | U283: P | V283: WO | W283: P | X283: P | Y283: P | Z283: H(P) | AA283: P | AB283: P | AC283: WO | AD283: P | AE283: P | AF283: P
A284: Vasim Ahmed Z | B284: BOI9768 | E284: P | F284: P | G284: P | H284: WO | I284: P | J284: P | K284: P | L284: P | M284: P | N284: P | O284: WO | P284: P | Q284: P | R284: P | S284: P | T284: P | U284: P | V284: WO | W284: P | X284: P | Y284: P | Z284: H(P) | AA284: PL | AB284: DL | AC284: WO | AD284: P | AE284: P | AF284: P
A285: Veena Kumari D | B285: BOI11123 | E285: P | F285: P | G285: P | H285: WO | I285: P | J285: P | K285: P | L285: P | M285: P | N285: PL | O285: WO | P285: P | Q285: P | R285: P | S285: P | T285: P | U285: P | V285: WO | W285: PL | X285: P | Y285: P | Z285: H(P) | AA285: P | AB285: P | AC285: WO | AD285: P | AE285: P | AF285: P
A286: Venkatesh B | B286: BOI10229 | E286: P | F286: P | G286: P | H286: WO | I286: P | J286: P | K286: P | L286: P | M286: P | N286: P | O286: WO | P286: P | Q286: P | R286: PL | S286: PL | T286: PL | U286: PL | V286: PL | W286: PL | X286: PL | Y286: PL | Z286: H(P) | AA286: P | AB286: P | AC286: WO | AD286: P | AE286: P | AF286: P
A287: Venkatesh Sharma Br | B287: BOI9640 | E287: P | F287: P | G287: P | H287: WO | I287: P | J287: P | K287: P | L287: P | M287: P | N287: P | O287: WO | P287: P | Q287: P | R287: P | S287: P | T287: P | U287: P | V287: WO | W287: P | X287: P | Y287: P | Z287: H(P) | AA287: P | AB287: LWP-HL(LWP) | AC287: WO | AD287: P | AE287: P | AF287: P
A288: Vidya T S | B288: BOI11092 | E288: P | F288: P | G288: P | H288: WO | I288: P | J288: P | K288: P | L288: P | M288: P | N288: P | O288: WO | P288: P | Q288: P | R288: P | S288: P | T288: P | U288: P | V288: WO | W288: P | X288: P | Y288: P | Z288: H | AA288: P | AB288: P | AC288: WO | AD288: P | AE288: P | AF288: P
A289: Vijaya Lekshmi Kumar | B289: BOI11102 | E289: P | F289: P | G289: P | H289: WO | I289: P | J289: SL | K289: P | L289: P | M289: P | N289: PL | O289: WO | P289: P | Q289: P | R289: P | S289: P | T289: P | U289: P | V289: WO | W289: P | X289: P | Y289: P | Z289: H | AA289: P | AB289: PL | AC289: WO | AD289: P | AE289: P | AF289: P
A290: Vijaya Priya | B290: BOI10144 | E290: P | F290: P | G290: P | H290: WO | I290: P | J290: P | K290: P | L290: P | M290: P | N290: P | O290: WO | P290: P | Q290: P | R290: P | S290: P | T290: P | U290: P | V290: WO | W290: P | X290: P | Y290: P | Z290: H(P) | AA290: P | AB290: P | AC290: WO | AD290: P | AE290: P | AF290: P
... A300: Zakiya Tabassum | B300: BOI9814 | E300: P | F300: P | G300: P | H300: WO | I300: P | J300: P | K300: P | L300: P | M300: P | N300: P | O300: WO | P300: P | Q300: P | R300: P | S300: P | T300: P | U300: P | V300: WO | W300: P | X300: P | Y300: P | Z300: H | AA300: PL | AB300: PL | AC300: WO | AD300: P | AE300: P | AF300: P

Sheet Productivity Dump
E1: {=IF(E3<TODAY(),IF(WEEKDAY(E3, 2)=7, 0, IF(OR(WEEKDAY(E3, 2)={2,6}), 0.5, 1)),"")} -> 1 | F1: {=IF(F3<TODAY(),IF(WEEKDAY(F3, 2)=7, 0, IF(OR(WEEKDAY(F3, 2)={2,6}), 0.5, 1)),"")} -> 1 | G1: {=IF(G3<TODAY(),IF(WEEKDAY(G3, 2)=7, 0, IF(OR(WEEKDAY(G3, 2)={2,6}), 0.5, 1)),"")} -> 0.5 | H1: {=IF(H3<TODAY(),IF(WEEKDAY(H3, 2)=7, 0, IF(OR(WEEKDAY(H3, 2)={2,6}), 0.5, 1)),"")} -> 0 | I1: {=IF(I3<TODAY(),IF(WEEKDAY(I3, 2)=7, 0, IF(OR(WEEKDAY(I3, 2)={2,6}), 0.5, 1)),"")} -> 1 | J1: {=IF(J3<TODAY(),IF(WEEKDAY(J3, 2)=7, 0, IF(OR(WEEKDAY(J3, 2)={2,6}), 0.5, 1)),"")} -> 0.5 | K1: {=IF(K3<TODAY(),IF(WEEKDAY(K3, 2)=7, 0, IF(OR(WEEKDAY(K3, 2)={2,6}), 0.5, 1)),"")} -> 1 | L1: {=IF(L3<TODAY(),IF(WEEKDAY(L3, 2)=7, 0, IF(OR(WEEKDAY(L3, 2)={2,6}), 0.5, 1)),"")} -> 1 | ... AI1: {=IF(AI3<TODAY(),IF(WEEKDAY(AI3, 2)=7, 0, IF(OR(WEEKDAY(AI3, 2)={2,6}), 0.5, 1)),"")} -> 0.5
E2: =TEXT(E3,"ddd") -> Thu | F2: =TEXT(F3,"ddd") -> Fri | G2: =TEXT(G3,"ddd") -> Sat | H2: =TEXT(H3,"ddd") -> Sun | I2: =TEXT(I3,"ddd") -> Mon | J2: =TEXT(J3,"ddd") -> Tue | K2: =TEXT(K3,"ddd") -> Wed | L2: =TEXT(L3,"ddd") -> Thu | ... AI2: =TEXT(AI3,"ddd") -> Sat
A3: Emp Code | B3: Employee | C3: DIT ID | D3: TM | E3: 46079 | F3: =E3+1 -> 46080 | G3: =F3+1 -> 46081 | H3: =G3+1 -> 46082 | I3: =H3+1 -> 46083 | J3: =I3+1 -> 46084 | K3: =J3+1 -> 46085 | L3: =K3+1 -> 46086 | M3: =L3+1 -> 46087 | ... AI3: =AH3+1 -> 46109
A4: BOI9592 | B4: A B Jassna | C4: Jass9592 | D4: Anil | E4: 1002.266 | F4: 1083.322 | G4: 682.688 | H4: 0 | I4: 0 | J4: 1033.063 | K4: 1084.62 | L4: 1056.265 | M4: 1008.021 | N4: 1099.244 | O4: 0 | P4: 340.165 | Q4: 1012.033 | R4: 1043.388 | S4: 1001.252 | T4: 1022.374 | U4: 762.132 | V4: 516.012 | W4: 628.474 | X4: 1018.569 | Y4: 1091.693 | Z4: 1053.077 | AA4: 0 | AB4: 0 | AC4: 0 | AD4: 604.056 | AE4: 1011.389 | AF4: 1003.818
A5: BOI10140 | B5: A Dhanasekaran | C5: Dhan10140 | D5: Ranjith M | E5: 1038.172 | F5: 1105.252 | G5: 922.727 | H5: 0 | I5: 510.128 | J5: 1105.897 | K5: 1119.359 | L5: 1102.799 | M5: 1119.721 | N5: 986.032 | O5: 0 | P5: 546.739 | Q5: 1081.437 | R5: 1051.541 | S5: 1064.514 | T5: 1012.09 | U5: 711.031 | V5: 0 | W5: 538.4 | X5: 972.236 | Y5: 0 | Z5: 1109.603 | AA5: 1007.542 | AB5: 393.383 | AC5: 0 | AD5: 525.417 | AE5: 1040.972 | AF5: 955.173
A6: BOI10437 | B6: A Mary Anitha | C6: Mary10437 | D6: Sunil Kumar K | E6: 953.101 | F6: 566.981 | G6: 510.856 | H6: 0 | I6: 629.809 | J6: 1067.396 | K6: 1006.794 | L6: 1055.885 | M6: 1123.748 | N6: 356.517 | O6: 0 | P6: 718.776 | Q6: 1038.757 | R6: 1103.469 | S6: 1050.086 | T6: 1059.459 | U6: 710.949 | V6: 0 | W6: 468.687 | X6: 1063.563 | Y6: 1119.962 | Z6: 1006.474 | AA6: 1021.64 | AB6: 432.764 | AC6: 0 | AD6: 614.501 | AE6: 1020.527 | AF6: 783.349
A7: BOI9884 | B7: A Muthuramalingam | C7: Muth9884 | D7: Prashanth | E7: 863.454 | F7: 816.43 | G7: 544.081 | H7: 0 | I7: 405.846 | J7: 822.399 | K7: 881.457 | L7: 0 | M7: 0 | N7: 290.448 | O7: 0 | P7: 417.158 | Q7: 980.771 | R7: 919.082 | S7: 878.82 | T7: 1013.105 | U7: 468.831 | V7: 230.789 | W7: 481.545 | X7: 1091.399 | Y7: 1002.839 | Z7: 1027.538 | AA7: 933.252 | AB7: 90.879 | AC7: 210.187 | AD7: 523.103 | AE7: 910.727 | AF7: 929.224
A8: BOI9862 | B8: A Ramesh | C8: Rame9862 | D8: Hiren Patel | E8: 819.979 | F8: 1759.535 | G8: 1533.636 | H8: 9.169 | I8: 1938.686 | J8: 1726.051 | K8: 1983.239 | L8: 1389.842 | M8: 1719.133 | N8: 1323.477 | O8: 0 | P8: 1716.221 | Q8: 1714.014 | R8: 1739.605 | S8: 1663.632 | T8: 1651.428 | U8: 1335.555 | V8: 0 | W8: 1571.648 | X8: 1669.813 | Y8: 1673.443 | Z8: 1755.835 | AA8: 1346.876 | AB8: 1084.405 | AC8: 0 | AD8: 1502.545 | AE8: 1863.982 | AF8: 1729.441
A9: BOI10166 | B9: A Roopa | C9: Roop10166 | D9: Anil | E9: 262.522 | F9: 1021.225 | G9: 597.767 | H9: 0 | I9: 101.168 | J9: 1072.168 | K9: 1010.816 | L9: 0 | M9: 1230.243 | N9: 969.197 | O9: 0 | P9: 456.738 | Q9: 1042.396 | R9: 1018.923 | S9: 1016.731 | T9: 1026.641 | U9: 500.799 | V9: 0 | W9: 463.231 | X9: 1000 | Y9: 716.087 | Z9: 213.03 | AA9: 181.246 | AB9: 457.187 | AC9: 0 | AD9: 434.259 | AE9: 817.139 | AF9: 752.799
A10: BOI8502 | B10: A Tanveer | C10: Tanv8502 | D10: Sunil Kumar K | E10: 1594.801 | F10: 1646.131 | G10: 1513.491 | H10: 0 | I10: 1074.904 | J10: 1574.191 | K10: 1546.987 | L10: 1638.198 | M10: 1578.078 | N10: 1572.937 | O10: 0 | P10: 1518.076 | Q10: 1566.419 | R10: 1578.248 | S10: 1538.947 | T10: 1530.912 | U10: 1553.997 | V10: 0 | W10: 986.153 | X10: 1533.319 | Y10: 1603.556 | Z10: 1572.138 | AA10: 1542.301 | AB10: 581.124 | AC10: 0 | AD10: 0 | AE10: 1545.075 | AF10: 1528.672
A11: BOI10368 | B11: A shalini R | C11: Asha10368 | D11: Prashanth | E11: 909.141 | F11: 991.221 | G11: 340.049 | H11: 0 | I11: 461.99 | J11: 984.546 | K11: 1006.416 | L11: 955.801 | M11: 1175.561 | N11: 436.741 | O11: 0 | P11: 469.958 | Q11: 975.714 | R11: 1015.978 | S11: 1010.819 | T11: 944.618 | U11: 503.277 | V11: 0 | W11: 529.646 | X11: 1234.666 | Y11: 1003.295 | Z11: 1013.175 | AA11: 685.728 | AB11: 509.6 | AC11: 0 | AD11: 568.22 | AE11: 953.482 | AF11: 1020.991
A12: BOI9101 | B12: Aasif Nabi Marazi | C12: Mara9101 | D12: Anil | E12: 1076.625 | F12: 1583.148 | G12: 1214.228 | H12: 0 | I12: 0 | J12: 410.152 | K12: 1520.736 | L12: 1506.84 | M12: 1127.906 | N12: 1007.305 | O12: 296.107 | P12: 570.568 | Q12: 1549.781 | R12: 1510.487 | S12: 1318.393 | T12: 1451.402 | U12: 756.014 | V12: 828.955 | W12: 921.29 | X12: 1043.429 | Y12: 1435.918 | Z12: 1177.67 | AA12: 807.459 | AB12: 347.721 | AC12: 445.812 | AD12: 837.383 | AE12: 1146.411 | AF12: 1269.089
A13: BOI10563 | B13: Ambily P | C13: Ambi10563 | D13: Sunil Kumar K | E13: 952.279 | F13: 969.521 | G13: 444.058 | H13: 0 | I13: 458.354 | J13: 0 | K13: 977.197 | L13: 969.17 | M13: 0 | N13: 724.147 | O13: 0 | P13: 518.103 | Q13: 975.536 | R13: 965.458 | S13: 918.028 | T13: 976.305 | U13: 548.105 | V13: 0 | W13: 467.693 | X13: 963.595 | Y13: 551.109 | Z13: 1003.008 | AA13: 998.696 | AB13: 29.615 | AC13: 0 | AD13: 426.354 | AE13: 722.578 | AF13: 1047.674
A14: BOI10691 | B14: Amraj C M | C14: Amra10691 | D14: Anil | E14: 1669.321 | F14: 1198.073 | G14: 1065.518 | H14: 0 | I14: 322.061 | J14: 1201.119 | K14: 1155.239 | L14: 1289.554 | M14: 1367.576 | N14: 834.334 | O14: 0 | P14: 470.303 | Q14: 1466.493 | R14: 0 | S14: 1410.118 | T14: 1582.851 | U14: 975.546 | V14: 172.322 | W14: 676.97 | X14: 1618.37 | Y14: 1269.286 | Z14: 1518.98 | AA14: 1588.019 | AB14: 824.536 | AC14: 134.214 | AD14: 503.783 | AE14: 1146.625 | AF14: 1216.271
A15: BOI10992 | B15: Amrita Ramaning Gundap | C15: Amri10992 | D15: Anil | E15: 812.046 | F15: 925.2 | G15: 637.013 | H15: 0 | I15: 197.416 | J15: 988.895 | K15: 895.756 | L15: 916.185 | M15: 1047.016 | N15: 638.072 | O15: 0 | P15: 434.044 | Q15: 907.167 | R15: 994.025 | S15: 798.848 | T15: 1039.23 | U15: 400.526 | V15: 0 | W15: 446.585 | X15: 751.449 | Y15: 757.11 | Z15: 719.757 | AA15: 842.324 | AB15: 315.029 | AC15: 381.889 | AD15: 486.418 | AE15: 1085.414 | AF15: 1206.095
... A300: BOI11191 | B300: Reena R | C300: Reen11191 | D300: Prashanth | E300: 568.389 | F300: 543.157 | G300: 181.772 | H300: 0 | I300: 425.788 | J300: 575.292 | K300: 509.895 | L300: 508.311 | M300: 540.463 | N300: 499.984 | O300: 0 | P300: 123.571 | Q300: 290.632 | R300: 518.928 | S300: 503.678 | T300: 917.157 | U300: 1026.114 | V300: 0 | W300: 391.143 | X300: 908.142 | Y300: 943.694 | Z300: 919.943 | AA300: 452.205 | AB300: 150.785 | AC300: 0 | AD300: 250.247 | AE300: 905.552 | AF300: 604.083
A301: BOI11194 | B301: Uttam Kumar Roy | C301: utta11194 | D301: Ranjith M | L301: 44.276 | M301: 235.183 | N301: 0 | O301: 0 | P301: 33.492 | Q301: 265.756 | R301: 482.07 | S301: 505.995 | T301: 366.769 | U301: 234.046 | V301: 0 | W301: 125.569 | X301: 523.107 | Y301: 282.677 | Z301: 307.137 | AA301: 304.229 | AB301: 144.353 | AC301: 0 | AD301: 98.815 | AE301: 494.859 | AF301: 600.441

Sheet Active Hour's Dump
D1: =TEXT(D2,"ddd") -> Thu | E1: =TEXT(E2,"ddd") -> Fri | F1: =TEXT(F2,"ddd") -> Sat | G1: =TEXT(G2,"ddd") -> Sun | H1: =TEXT(H2,"ddd") -> Mon | I1: =TEXT(I2,"ddd") -> Tue | J1: =TEXT(J2,"ddd") -> Wed | K1: =TEXT(K2,"ddd") -> Thu | ... AH1: =TEXT(AH2,"ddd") -> Sat
A2: DUP Name | B2: TL Name | C2: PM Name | D2: 46079 | E2: =D2+1 -> 46080 | F2: =E2+1 -> 46081 | G2: =F2+1 -> 46082 | H2: =G2+1 -> 46083 | I2: =H2+1 -> 46084 | J2: =I2+1 -> 46085 | K2: =J2+1 -> 46086 | L2: =K2+1 -> 46087 | ... AH2: =AG2+1 -> 46109 | AI2: Average
A3: Amul10910 | B3: Hiren Patel | D3: 15.25 | E3: 12.333333 | F3: 8.1666667 | H3: 9.75 | I3: 0.66666667 | J3: 12.416667 | K3: 14.166667 | L3: 12 | M3: 7.4166667 | N3: 0.083333333 | O3: 11.166667 | P3: 12.583333 | Q3: 12.333333 | R3: 11.416667 | S3: 8.5833333 | T3: 9.4166667 | V3: 9.8333333 | W3: 10.583333 | X3: 13.083333 | Y3: 0.66666667 | Z3: 13.333333 | AA3: 8.0833333 | AC3: 9.5 | AD3: 12.25 | AE3: 11.916667 | AI3: =IFERROR(AVERAGEIFS(D3:AH3,$D$1:$AH$1,"<>Sun",$D$1:$AH$1,"<>Sat",$D$1:$AH$1,"<>Mon"),"") -> 10.848958
A4: Anat11003 | B4: Hiren Patel | D4: 6.3333333 | E4: 6.75 | F4: 4.5833333 | H4: 5.6666667 | I4: 5.75 | K4: 6.5 | L4: 6.25 | M4: 5.75 | O4: 6.9166667 | P4: 5.9166667 | Q4: 6.25 | R4: 6.75 | S4: 5.8333333 | T4: 5.3333333 | V4: 5.8333333 | W4: 6.25 | X4: 6.4166667 | Y4: 6.9166667 | Z4: 6.4166667 | AA4: 2.75 | AC4: 5.5833333 | AE4: 6.5833333 | AI4: =IFERROR(AVERAGEIFS(D4:AH4,$D$1:$AH$1,"<>Sun",$D$1:$AH$1,"<>Sat",$D$1:$AH$1,"<>Mon"),"") -> 6.3511905
A5: Anoo9952 | B5: Hiren Patel | D5: 11.5 | E5: 11.333333 | H5: 6.5833333 | I5: 12.25 | J5: 10.916667 | K5: 0.083333333 | L5: 11.416667 | M5: 5.3333333 | O5: 5.8333333 | P5: 11.25 | Q5: 10.916667 | R5: 11.75 | S5: 9.9166667 | T5: 3.5 | V5: 6 | W5: 10.916667 | X5: 11.083333 | Y5: 11.5 | Z5: 11.083333 | AA5: 3.3333333 | AC5: 7.1666667 | AD5: 8.6666667 | AE5: 12.333333 | AI5: =IFERROR(AVERAGEIFS(D5:AH5,$D$1:$AH$1,"<>Sun",$D$1:$AH$1,"<>Sat",$D$1:$AH$1,"<>Mon"),"") -> 10.432292
A6: Bhas8268 | B6: Hiren Patel | D6: 10.75 | E6: 10.25 | F6: 6.75 | G6: 2.6666667 | H6: 4.25 | I6: 9.0833333 | J6: 10.416667 | K6: 11 | L6: 10.416667 | M6: 9.8333333 | N6: 2.3333333 | O6: 5.5 | P6: 9.5 | Q6: 10.416667 | R6: 10 | S6: 10.25 | T6: 7.6666667 | U6: 4.3333333 | V6: 8.25 | W6: 9.8333333 | X6: 10.333333 | Y6: 12.5 | Z6: 11.75 | AA6: 5.5 | AB6: 3.5833333 | AC6: 8.0833333 | AD6: 10.5 | AE6: 9.9166667 | AI6: =IFERROR(AVERAGEIFS(D6:AH6,$D$1:$AH$1,"<>Sun",$D$1:$AH$1,"<>Sat",$D$1:$AH$1,"<>Mon"),"") -> 10.432292
A7: Bhav10977 | B7: Hiren Patel | D7: 6.9166667 | E7: 7.0833333 | F7: 3.75 | H7: 4.1666667 | I7: 7.1666667 | J7: 6.9166667 | K7: 6.5 | L7: 6.25 | M7: 5.9166667 | O7: 5.1666667 | P7: 7.5833333 | Q7: 7.0833333 | R7: 8.0833333 | S7: 6.9166667 | T7: 5.0833333 | V7: 3.5833333 | W7: 7.8333333 | X7: 6.1666667 | Y7: 7.0833333 | Z7: 6.1666667 | AA7: 3.5 | AD7: 0.41666667 | AE7: 7.4166667 | AI7: =IFERROR(AVERAGEIFS(D7:AH7,$D$1:$AH$1,"<>Sun",$D$1:$AH$1,"<>Sat",$D$1:$AH$1,"<>Mon"),"") -> 6.5989583
A8: Biju10809 | B8: Hiren Patel | D8: 8.25 | E8: 7.5 | F8: 4.4166667 | H8: 5.0833333 | I8: 6.4166667 | J8: 6.6666667 | K8: 7.5833333 | L8: 7 | M8: 6.5 | O8: 5.75 | P8: 6.8333333 | Q8: 5.8333333 | R8: 7 | S8: 6.9166667 | T8: 3.5 | V8: 7 | W8: 6.3333333 | X8: 6.75 | AA8: 2.25 | AC8: 5.75 | AD8: 5.9166667 | AE8: 7.5 | AI8: =IFERROR(AVERAGEIFS(D8:AH8,$D$1:$AH$1,"<>Sun",$D$1:$AH$1,"<>Sat",$D$1:$AH$1,"<>Mon"),"") -> 6.8928571
A9: Vish10337 | B9: Hiren Patel | D9: 8.8333333 | E9: 9.9166667 | F9: 7.25 | G9: 1 | H9: 5.3333333 | I9: 10.583333 | J9: 9.3333333 | K9: 10.166667 | L9: 9.3333333 | M9: 10.5 | N9: 0 | O9: 6 | P9: 10.583333 | Q9: 9.8333333 | R9: 10.333333 | S9: 9.1666667 | T9: 5.8333333 | V9: 5.9166667 | X9: 8.5 | Z9: 11.25 | AA9: 8.1666667 | AB9: 2.75 | AC9: 5.25 | AD9: 9.8333333 | AE9: 9.9166667 | AI9: =IFERROR(AVERAGEIFS(D9:AH9,$D$1:$AH$1,"<>Sun",$D$1:$AH$1,"<>Sat",$D$1:$AH$1,"<>Mon"),"") -> 9.827381
A10: Chan10524 | B10: Hiren Patel | D10: 7.3333333 | E10: 6.5 | F10: 5.4166667 | H10: 4.1666667 | I10: 6.1666667 | J10: 4.5833333 | K10: 6.0833333 | L10: 7.75 | M10: 5.9166667 | O10: 4.75 | P10: 7.0833333 | Q10: 6.4166667 | R10: 7.4166667 | S10: 7 | T10: 2.5 | V10: 3.1666667 | W10: 4.5 | X10: 6 | Y10: 4 | Z10: 3.6666667 | AA10: 2.6666667 | AC10: 3.5833333 | AD10: 4.6666667 | AE10: 5.75 | AI10: =IFERROR(AVERAGEIFS(D10:AH10,$D$1:$AH$1,"<>Sun",$D$1:$AH$1,"<>Sat",$D$1:$AH$1,"<>Mon"),"") -> 5.9322917
A11: Dhan8922 | B11: Hiren Patel | D11: 12.25 | E11: 11.833333 | F11: 0 | H11: 6.5 | I11: 11.416667 | J11: 11.166667 | K11: 11.083333 | L11: 10.75 | M11: 12.083333 | O11: 8.3333333 | P11: 10.75 | Q11: 11.833333 | R11: 11.333333 | S11: 11.083333 | T11: 5.5 | U11: 0 | V11: 9.5833333 | W11: 11.166667 | X11: 11.416667 | Y11: 8 | Z11: 6.5 | AA11: 7.6666667 | AC11: 8.6666667 | AD11: 10.666667 | AE11: 11.083333 | AI11: =IFERROR(AVERAGEIFS(D11:AH11,$D$1:$AH$1,"<>Sun",$D$1:$AH$1,"<>Sat",$D$1:$AH$1,"<>Mon"),"") -> 10.770833
A12: Faiz8263 | B12: Hiren Patel | D12: 12.833333 | E12: 10.416667 | F12: 7.9166667 | G12: 3.75 | H12: 7.8333333 | I12: 9.3333333 | J12: 8.0833333 | K12: 9.8333333 | L12: 9.25 | M12: 9.4166667 | N12: 4.75 | O12: 6.4166667 | P12: 12.083333 | Q12: 8.4166667 | R12: 11.666667 | S12: 8.5833333 | T12: 4.4166667 | U12: 5.5833333 | V12: 5.9166667 | W12: 3 | X12: 8.6666667 | Y12: 9.8333333 | Z12: 9.0833333 | AC12: 4.9166667 | AD12: 8.5 | AE12: 9 | AI12: =IFERROR(AVERAGEIFS(D12:AH12,$D$1:$AH$1,"<>Sun",$D$1:$AH$1,"<>Sat",$D$1:$AH$1,"<>Mon"),"") -> 9.2864583
A13: Gour10612 | B13: Hiren Patel | D13: 11 | E13: 10.166667 | F13: 5.1666667 | H13: 6.6666667 | I13: 9.5833333 | J13: 8.6666667 | K13: 10.166667 | L13: 10.5 | M13: 7.0833333 | N13: 0 | P13: 10.75 | Q13: 11.166667 | R13: 9.9166667 | S13: 9.4166667 | T13: 8.0833333 | V13: 9.9166667 | W13: 10.583333 | X13: 10.333333 | Y13: 8 | Z13: 11.166667 | AA13: 10.833333 | AC13: 6.75 | AD13: 7.3333333 | AE13: 7.4166667 | AI13: =IFERROR(AVERAGEIFS(D13:AH13,$D$1:$AH$1,"<>Sun",$D$1:$AH$1,"<>Sat",$D$1:$AH$1,"<>Mon"),"") -> 9.7604167
A14: Jeya9953 | B14: Hiren Patel | D14: 6.5 | E14: 7.75 | F14: 2.6666667 | H14: 2.5833333 | I14: 3.4166667 | J14: 7 | K14: 5.75 | L14: 7 | M14: 6.0833333 | O14: 2.8333333 | P14: 6.75 | Q14: 6.1666667 | R14: 7 | S14: 6.25 | T14: 3.4166667 | V14: 4.1666667 | W14: 8.25 | X14: 7.5833333 | Y14: 7.6666667 | Z14: 6.5 | AA14: 5.6666667 | AB14: 6.1666667 | AC14: 3.4166667 | AD14: 10.25 | AE14: 13.5 | AI14: =IFERROR(AVERAGEIFS(D14:AH14,$D$1:$AH$1,"<>Sun",$D$1:$AH$1,"<>Sat",$D$1:$AH$1,"<>Mon"),"") -> 7.3333333
A15: Poov10426 | B15: Hiren Patel | E15: 3.9166667 | F15: 2.8333333 | H15: 2 | I15: 4.1666667 | J15: 5.75 | K15: 6.6666667 | L15: 5.6666667 | M15: 4.9166667 | O15: 3.1666667 | P15: 5.8333333 | Q15: 6.6666667 | R15: 5.9166667 | S15: 7.6666667 | T15: 3.75 | V15: 2.5833333 | W15: 6.5 | X15: 5.9166667 | Y15: 3.3333333 | Z15: 4.8333333 | AA15: 2.5833333 | AC15: 2.8333333 | AD15: 5.75 | AE15: 8.4166667 | AI15: =IFERROR(AVERAGEIFS(D15:AH15,$D$1:$AH$1,"<>Sun",$D$1:$AH$1,"<>Sat",$D$1:$AH$1,"<>Mon"),"") -> 5.8
A16: Prav10468 | B16: Hiren Patel | D16: 10.166667 | E16: 9.75 | F16: 7.5833333 | G16: 1.6666667 | H16: 7.25 | I16: 7.6666667 | J16: 11 | K16: 10.333333 | L16: 10.166667 | M16: 10.583333 | N16: 1.5833333 | O16: 7.3333333 | P16: 12.25 | Q16: 10 | R16: 10.833333 | S16: 11 | T16: 8.3333333 | U16: 0.91666667 | V16: 8.8333333 | W16: 9.8333333 | X16: 10.75 | Y16: 9.5 | Z16: 9.75 | AA16: 7.6666667 | AB16: 2 | AC16: 8.6666667 | AD16: 10.333333 | AE16: 10.583333 | AI16: =IFERROR(AVERAGEIFS(D16:AH16,$D$1:$AH$1,"<>Sun",$D$1:$AH$1,"<>Sat",$D$1:$AH$1,"<>Mon"),"") -> 10.244792
A17: Sham9382 | B17: Hiren Patel | D17: 10.75 | E17: 11.666667 | F17: 7.3333333 | H17: 7.1666667 | I17: 11.25 | K17: 11 | L17: 12.5 | M17: 7.5833333 | O17: 7.8333333 | P17: 11.416667 | Q17: 11.416667 | R17: 12 | S17: 10.333333 | T17: 4.5833333 | V17: 7.8333333 | W17: 11.333333 | X17: 10.5 | Y17: 10.583333 | Z17: 10.25 | AA17: 3.0833333 | AC17: 6.25 | AD17: 10.416667 | AE17: 10.916667 | AI17: =IFERROR(AVERAGEIFS(D17:AH17,$D$1:$AH$1,"<>Sun",$D$1:$AH$1,"<>Sat",$D$1:$AH$1,"<>Mon"),"") -> 11.088889
A18: Mang10397 | B18: Hiren Patel | D18: 7.0833333 | E18: 10.083333 | F18: 1.9166667 | H18: 7.0833333 | I18: 10.416667 | J18: 9.25 | K18: 10 | L18: 9.6666667 | M18: 3.5 | O18: 8.3333333 | P18: 10 | Q18: 9.75 | R18: 10.083333 | S18: 8 | T18: 3.5 | V18: 4.8333333 | W18: 9.8333333 | X18: 10 | Y18: 9.1666667 | Z18: 7.25 | AA18: 6 | AB18: 0 | AC18: 7.5833333 | AD18: 9.8333333 | AE18: 7.9166667 | AI18: =IFERROR(AVERAGEIFS(D18:AH18,$D$1:$AH$1,"<>Sun",$D$1:$AH$1,"<>Sat",$D$1:$AH$1,"<>Mon"),"") -> 9.2708333
A19: Mari10549 | B19: Hiren Patel | D19: 9.3333333 | E19: 8.5 | F19: 7.0833333 | G19: 0.33333333 | H19: 7.8333333 | I19: 7.4166667 | J19: 8.6666667 | K19: 8.5833333 | L19: 8.25 | M19: 9.5833333 | O19: 6.75 | Q19: 10.333333 | R19: 10 | S19: 9.5 | V19: 7.25 | W19: 9.1666667 | X19: 9.1666667 | Y19: 6 | Z19: 6.9166667 | AA19: 6.5 | AC19: 6.5 | AD19: 8.75 | AE19: 7.25 | AI19: =IFERROR(AVERAGEIFS(D19:AH19,$D$1:$AH$1,"<>Sun",$D$1:$AH$1,"<>Sat",$D$1:$AH$1,"<>Mon"),"") -> 8.5222222
A20: Naze9128 | B20: Hiren Patel | D20: 5.4166667 | E20: 6.5833333 | F20: 4.1666667 | H20: 3.25 | I20: 7.25 | J20: 5.4166667 | K20: 6.75 | L20: 5.3333333 | M20: 5.3333333 | O20: 4.9166667 | P20: 7.5833333 | Q20: 6.9166667 | R20: 7.4166667 | S20: 5.6666667 | T20: 3.8333333 | V20: 4.5 | W20: 6.6666667 | X20: 7.25 | Y20: 4.5833333 | Z20: 5.3333333 | AA20: 0 | AI20: =IFERROR(AVERAGEIFS(D20:AH20,$D$1:$AH$1,"<>Sun",$D$1:$AH$1,"<>Sat",$D$1:$AH$1,"<>Mon"),"") -> 6.297619
A21: Nilo9960 | B21: Hiren Patel | D21: 5.9166667 | E21: 5.5833333 | F21: 2.75 | H21: 3.5833333 | I21: 5.6666667 | J21: 4.8333333 | K21: 5.5 | L21: 5.4166667 | M21: 4.8333333 | O21: 3.0833333 | P21: 5.5 | Q21: 5.6666667 | R21: 5.6666667 | S21: 5.5833333 | T21: 3.25 | V21: 1.3333333 | W21: 5 | X21: 6.4166667 | Y21: 4.3333333 | Z21: 5.8333333 | AA21: 2 | AC21: 1.8333333 | AD21: 3.9166667 | AE21: 6.9166667 | AI21: =IFERROR(AVERAGEIFS(D21:AH21,$D$1:$AH$1,"<>Sun",$D$1:$AH$1,"<>Sat",$D$1:$AH$1,"<>Mon"),"") -> 5.484375
A22: Nuth10677 | B22: Hiren Patel | D22: 8.9166667 | E22: 7.6666667 | F22: 4.75 | H22: 5.0833333 | I22: 8.8333333 | J22: 8.9166667 | K22: 8.5 | L22: 6.75 | M22: 7.25 | O22: 5.75 | P22: 8.75 | Q22: 6.9166667 | R22: 8 | S22: 8.5833333 | T22: 4.9166667 | V22: 3.75 | W22: 5.3333333 | X22: 7.3333333 | Y22: 5.8333333 | Z22: 7.1666667 | AA22: 1.75 | AC22: 2.5833333 | AD22: 5.6666667 | AE22: 5.9166667 | AI22: =IFERROR(AVERAGEIFS(D22:AH22,$D$1:$AH$1,"<>Sun",$D$1:$AH$1,"<>Sat",$D$1:$AH$1,"<>Mon"),"") -> 7.4427083
A23: Pras11050 | B23: Hiren Patel | O23: 3.8333333 | P23: 4.25 | Q23: 4.5833333 | R23: 4.4166667 | S23: 4.0833333 | T23: 2.5833333 | V23: 4.3333333 | W23: 1.5833333 | X23: 3.6666667 | Y23: 2.5833333 | Z23: 3.25 | AA23: 3.3333333 | AC23: 3.3333333 | AD23: 3.5833333 | AE23: 4 | AI23: =IFERROR(AVERAGEIFS(D23:AH23,$D$1:$AH$1,"<>Sun",$D$1:$AH$1,"<>Sat",$D$1:$AH$1,"<>Mon"),"") -> 3.6
A24: Priy9893 | B24: Hiren Patel | D24: 8.9166667 | E24: 8.6666667 | F24: 3.5 | H24: 5.4166667 | I24: 8.5 | J24: 2 | K24: 9.4166667 | L24: 9.3333333 | O24: 5 | P24: 8.8333333 | Q24: 8.75 | R24: 7.75 | S24: 8.3333333 | T24: 2.8333333 | V24: 3.8333333 | W24: 8.5 | X24: 9.6666667 | Y24: 8.6666667 | Z24: 8.9166667 | AA24: 4.6666667 | AC24: 5.5 | AD24: 9.75 | AE24: 9.25 | AI24: =IFERROR(AVERAGEIFS(D24:AH24,$D$1:$AH$1,"<>Sun",$D$1:$AH$1,"<>Sat",$D$1:$AH$1,"<>Mon"),"") -> 8.453125
A25: Deep10198 | B25: Hiren Patel | D25: 10.333333 | F25: 6.1666667 | H25: 7.5 | I25: 11.5 | J25: 10.25 | K25: 10.583333 | L25: 9.75 | M25: 8.3333333 | O25: 9 | P25: 10.416667 | Q25: 11.833333 | R25: 11.25 | S25: 10.166667 | T25: 4.25 | V25: 6.1666667 | W25: 10 | X25: 11.166667 | Y25: 12.166667 | Z25: 10.166667 | AA25: 2.6666667 | AC25: 5.5 | AE25: 9.9166667 | AI25: =IFERROR(AVERAGEIFS(D25:AH25,$D$1:$AH$1,"<>Sun",$D$1:$AH$1,"<>Sat",$D$1:$AH$1,"<>Mon"),"") -> 10.678571
A26: Rizw10031 | B26: Hiren Patel | D26: 6.25 | E26: 7.5833333 | F26: 5 | G26: 0.083333333 | H26: 4.8333333 | I26: 7.5 | J26: 6.6666667 | K26: 6.8333333 | L26: 6.25 | M26: 4.8333333 | N26: 0.083333333 | O26: 5.1666667 | P26: 7.6666667 | Q26: 6.9166667 | R26: 7.0833333 | S26: 7.5 | T26: 4.0833333 | U26: 0.33333333 | V26: 5.25 | W26: 7.0833333 | X26: 7.1666667 | Y26: 4.8333333 | Z26: 3.9166667 | AB26: 0.66666667 | AC26: 4.25 | AD26: 7.25 | AE26: 6.9166667 | AI26: =IFERROR(AVERAGEIFS(D26:AH26,$D$1:$AH$1,"<>Sun",$D$1:$AH$1,"<>Sat",$D$1:$AH$1,"<>Mon"),"") -> 6.7135417
A27: Salo9657 | B27: Hiren Patel | D27: 11.833333 | E27: 12 | F27: 5.0833333 | G27: 0.41666667 | H27: 7.5833333 | I27: 12.666667 | J27: 11.833333 | K27: 12 | L27: 12.916667 | O27: 8.5833333 | P27: 12.833333 | Q27: 10.583333 | R27: 11.75 | S27: 12.25 | T27: 8.1666667 | V27: 7.1666667 | W27: 9.4166667 | X27: 14.083333 | Y27: 11.333333 | Z27: 7.75 | AA27: 4 | AB27: 4.25 | AC27: 8.75 | AD27: 13.25 | AE27: 12.833333 | AI27: =IFERROR(AVERAGEIFS(D27:AH27,$D$1:$AH$1,"<>Sun",$D$1:$AH$1,"<>Sat",$D$1:$AH$1,"<>Mon"),"") -> 11.833333
A28: Sant9938 | B28: Hiren Patel | D28: 10.416667 | E28: 11 | F28: 3.75 | H28: 6.9166667 | I28: 10.416667 | J28: 8.6666667 | K28: 9.8333333 | L28: 10.083333 | M28: 6.5 | P28: 10.416667 | Q28: 10.416667 | R28: 10.666667 | S28: 9.6666667 | T28: 4.8333333 | V28: 4.9166667 | W28: 9.75 | Y28: 10.333333 | Z28: 8.75 | AA28: 3.5 | AC28: 5.8333333 | AD28: 8.5 | AE28: 9 | AI28: =IFERROR(AVERAGEIFS(D28:AH28,$D$1:$AH$1,"<>Sun",$D$1:$AH$1,"<>Sat",$D$1:$AH$1,"<>Mon"),"") -> 9.8611111
A29: Shaj10695 | B29: Hiren Patel | D29: 13.083333 | E29: 12.5 | H29: 8.1666667 | I29: 12 | J29: 12.083333 | K29: 13.5 | L29: 12 | M29: 11.333333 | N29: 4.4166667 | O29: 7.5833333 | P29: 13.833333 | Q29: 12.916667 | R29: 12.083333 | S29: 13.666667 | T29: 6.75 | U29: 3.8333333 | V29: 9.75 | W29: 13.75 | X29: 12.833333 | Y29: 12.916667 | Z29: 12.833333 | AB29: 3.6666667 | AC29: 12.083333 | AD29: 13.166667 | AE29: 12.583333 | AI29: =IFERROR(AVERAGEIFS(D29:AH29,$D$1:$AH$1,"<>Sun",$D$1:$AH$1,"<>Sat",$D$1:$AH$1,"<>Mon"),"") -> 12.859375
A30: Shee10038 | B30: Hiren Patel | D30: 8.3333333 | F30: 3.6666667 | H30: 5.4166667 | I30: 8.5833333 | J30: 9.6666667 | K30: 9.0833333 | L30: 9.1666667 | M30: 8 | O30: 8.3333333 | P30: 9 | Q30: 9.75 | R30: 9 | S30: 9.1666667 | T30: 4.25 | V30: 5.25 | W30: 8.1666667 | X30: 9.6666667 | Y30: 7.9166667 | AC30: 6.5833333 | AD30: 8.5 | AE30: 9.5 | AI30: =IFERROR(AVERAGEIFS(D30:AH30,$D$1:$AH$1,"<>Sun",$D$1:$AH$1,"<>Sat",$D$1:$AH$1,"<>Mon"),"") -> 8.9642857
A31: BOIC005 | B31: Hiren Patel | D31: 8.5833333 | E31: 9.6666667 | F31: 3.3333333 | G31: 6 | H31: 5.3333333 | I31: 8.8333333 | J31: 8.0833333 | K31: 10 | L31: 8.5 | M31: 7.3333333 | N31: 5.1666667 | O31: 6.9166667 | P31: 10.083333 | Q31: 11.5 | R31: 11.583333 | S31: 8.9166667 | T31: 2.8333333 | U31: 0.33333333 | V31: 6.3333333 | W31: 9.5 | X31: 8.6666667 | Y31: 4.3333333 | Z31: 8.25 | AA31: 3.1666667 | AB31: 4.25 | AC31: 5.3333333 | AD31: 8.75 | AE31: 7.0833333 | AI31: =IFERROR(AVERAGEIFS(D31:AH31,$D$1:$AH$1,"<>Sun",$D$1:$AH$1,"<>Sat",$D$1:$AH$1,"<>Mon"),"") -> 8.8958333
A32: Shya10534 | B32: Hiren Patel | D32: 5.9166667 | E32: 5.5 | F32: 4.8333333 | H32: 4.6666667 | I32: 5 | J32: 5.25 | K32: 4.8333333 | L32: 4.75 | M32: 4.6666667 | O32: 5.0833333 | P32: 5.75 | Q32: 5.4166667 | R32: 6.25 | S32: 5.5 | T32: 4.75 | V32: 5.5833333 | W32: 5.9166667 | X32: 5.25 | Y32: 6.4166667 | AC32: 5.8333333 | AD32: 6.9166667 | AE32: 5.25 | AI32: =IFERROR(AVERAGEIFS(D32:AH32,$D$1:$AH$1,"<>Sun",$D$1:$AH$1,"<>Sat",$D$1:$AH$1,"<>Mon"),"") -> 5.5944444
A33: simi11060 | B33: Hiren Patel | D33: 5.5833333 | E33: 5.8333333 | F33: 1.75 | H33: 2.5 | I33: 5.0833333 | J33: 5.3333333 | K33: 5.4166667 | L33: 5.9166667 | M33: 5.25 | O33: 4.6666667 | P33: 5.75 | Q33: 5.9166667 | R33: 5.9166667 | S33: 6.3333333 | T33: 1.1666667 | V33: 2.8333333 | W33: 5 | X33: 5.4166667 | Y33: 5.5 | Z33: 5.6666667 | AA33: 1.1666667 | AC33: 2.75 | AD33: 6.3333333 | AE33: 5.8333333 | AI33: =IFERROR(AVERAGEIFS(D33:AH33,$D$1:$AH$1,"<>Sun",$D$1:$AH$1,"<>Sat",$D$1:$AH$1,"<>Mon"),"") -> 5.6770833
A34: Simi11008 | B34: Hiren Patel | D34: 8.9166667 | E34: 8.9166667 | F34: 3.4166667 | H34: 4.6666667 | I34: 9.0833333 | J34: 9.8333333 | K34: 9.5 | L34: 8.8333333 | M34: 8.5 | O34: 5.8333333 | P34: 10.5 | Q34: 9 | R34: 10.666667 | S34: 10.166667 | T34: 5.1666667 | V34: 5.8333333 | W34: 10.5 | X34: 6 | Y34: 8.9166667 | Z34: 8.4166667 | AA34: 4.5 | AC34: 4.8333333 | AD34: 1 | AE34: 9.0833333 | AI34: =IFERROR(AVERAGEIFS(D34:AH34,$D$1:$AH$1,"<>Sun",$D$1:$AH$1,"<>Sat",$D$1:$AH$1,"<>Mon"),"") -> 8.7083333
A35: Sowm9753 | B35: Hiren Patel | D35: 6.4166667 | E35: 6.9166667 | F35: 3.0833333 | I35: 8.4166667 | J35: 7.5 | K35: 7.6666667 | L35: 6.5 | M35: 6.0833333 | P35: 8.1666667 | Q35: 7.0833333 | R35: 8.4166667 | S35: 8.3333333 | T35: 2.9166667 | V35: 3.75 | W35: 5.25 | X35: 6.9166667 | Y35: 6.5833333 | Z35: 6.75 | AA35: 4 | AB35: 2.0833333 | AC35: 4.6666667 | AD35: 6.8333333 | AE35: 6.75 | AI35: =IFERROR(AVERAGEIFS(D35:AH35,$D$1:$AH$1,"<>Sun",$D$1:$AH$1,"<>Sat",$D$1:$AH$1,"<>Mon"),"") -> 7.15625
A36: Srid11033 | B36: Hiren Patel | D36: 7.5 | E36: 6.25 | F36: 2.4166667 | J36: 6.9166667 | K36: 7.1666667 | L36: 7.25 | M36: 6.1666667 | O36: 3.75 | P36: 6.75 | Q36: 7.1666667 | R36: 6.9166667 | S36: 7.0833333 | T36: 3.25 | V36: 3.5 | W36: 7.9166667 | X36: 7.0833333 | Y36: 7.0833333 | Z36: 6.0833333 | AA36: 5.1666667 | AC36: 3.6666667 | AD36: 7.6666667 | AE36: 7.4166667 | AI36: =IFERROR(AVERAGEIFS(D36:AH36,$D$1:$AH$1,"<>Sun",$D$1:$AH$1,"<>Sat",$D$1:$AH$1,"<>Mon"),"") -> 7.0833333
A37: Suge10290 | B37: Hiren Patel | D37: 4.9166667 | E37: 4 | H37: 3.6666667 | I37: 4.75 | J37: 5.3333333 | K37: 4.8333333 | L37: 5.1666667 | O37: 2.9166667 | P37: 5.1666667 | Q37: 5.5833333 | R37: 5.3333333 | T37: 2.75 | W37: 4.75 | X37: 6.0833333 | Y37: 5 | Z37: 5.25 | AA37: 2.5 | AC37: 3 | AD37: 4.9166667 | AE37: 4.9166667 | AI37: =IFERROR(AVERAGEIFS(D37:AH37,$D$1:$AH$1,"<>Sun",$D$1:$AH$1,"<>Sat",$D$1:$AH$1,"<>Mon"),"") -> 5.0666667
A38: Sure10542 | B38: Hiren Patel | D38: 7 | E38: 6.5833333 | H38: 3.75 | I38: 7.1666667 | J38: 6.5833333 | K38: 6.5833333 | M38: 6.0833333 | O38: 3.75 | P38: 7 | Q38: 6.75 | R38: 6.5833333 | S38: 5.9166667 | T38: 3.75 | V38: 4.8333333 | W38: 6.75 | X38: 6 | Y38: 6.6666667 | Z38: 7.5833333 | AA38: 2.1666667 | AC38: 6.4166667 | AD38: 7.9166667 | AE38: 8.1666667 | AI38: =IFERROR(AVERAGEIFS(D38:AH38,$D$1:$AH$1,"<>Sun",$D$1:$AH$1,"<>Sat",$D$1:$AH$1,"<>Mon"),"") -> 6.8833333
A39: Thaj9574 | B39: Hiren Patel | D39: 7.6666667 | E39: 7.75 | F39: 4.0833333 | H39: 6.0833333 | I39: 8.5833333 | J39: 8.25 | K39: 8.3333333 | L39: 7.6666667 | M39: 7.75 | O39: 6 | P39: 8.5 | Q39: 8.0833333 | R39: 8.1666667 | S39: 9.5 | T39: 6.25 | V39: 5.3333333 | W39: 7.8333333 | X39: 9.0833333 | Y39: 8.75 | Z39: 8.75 | AC39: 6 | AD39: 8.5 | AE39: 8.8333333 | AI39: =IFERROR(AVERAGEIFS(D39:AH39,$D$1:$AH$1,"<>Sun",$D$1:$AH$1,"<>Sat",$D$1:$AH$1,"<>Mon"),"") -> 8.390625
A40: Vani10406 | B40: Hiren Patel | D40: 11.333333 | E40: 10.916667 | F40: 4.8333333 | H40: 8.5 | I40: 12.416667 | J40: 9.5 | L40: 10.833333 | M40: 7 | O40: 7.9166667 | P40: 11.75 | Q40: 13.083333 | R40: 11.75 | S40: 12 | T40: 5.1666667 | V40: 7.5 | W40: 11.75 | X40: 12.916667 | Z40: 12.25 | AA40: 3.0833333 | AC40: 5.4166667 | AD40: 11.583333 | AE40: 7.0833333 | AI40: =IFERROR(AVERAGEIFS(D40:AH40,$D$1:$AH$1,"<>Sun",$D$1:$AH$1,"<>Sat",$D$1:$AH$1,"<>Mon"),"") -> 11.369048
A41: Vara10613 | B41: Hiren Patel | D41: 1.3333333 | E41: 7.5833333 | F41: 4.1666667 | H41: 4.8333333 | I41: 7 | J41: 6.0833333 | K41: 6.8333333 | L41: 7.25 | M41: 4.4166667 | O41: 4.5 | P41: 6.5833333 | Q41: 5.5 | R41: 8.6666667 | S41: 5.5 | T41: 3.75 | V41: 4.8333333 | W41: 5.25 | X41: 6.75 | Z41: 7.25 | AA41: 2 | AC41: 4.1666667 | AI41: =IFERROR(AVERAGEIFS(D41:AH41,$D$1:$AH$1,"<>Sun",$D$1:$AH$1,"<>Sat",$D$1:$AH$1,"<>Mon"),"") -> 6.275641
A42: varg9506 | B42: Hiren Patel | D42: 8.75 | E42: 9 | F42: 5.75 | H42: 8.25 | I42: 8.6666667 | J42: 8.6666667 | K42: 8.9166667 | L42: 8.5 | M42: 2.9166667 | N42: 1.75 | O42: 8.75 | P42: 8.4166667 | Q42: 9.9166667 | R42: 8.75 | S42: 9.75 | T42: 2.9166667 | U42: 3.75 | V42: 7.1666667 | W42: 8.1666667 | X42: 9.0833333 | Y42: 8.6666667 | Z42: 10.166667 | AA42: 3.1666667 | AB42: 2.25 | AC42: 7.8333333 | AD42: 8.0833333 | AE42: 8.8333333 | AI42: =IFERROR(AVERAGEIFS(D42:AH42,$D$1:$AH$1,"<>Sun",$D$1:$AH$1,"<>Sat",$D$1:$AH$1,"<>Mon"),"") -> 8.8958333
A43: Vino8926 | B43: Hiren Patel | D43: 8 | E43: 8.75 | F43: 2.3333333 | H43: 2.1666667 | J43: 7.8333333 | K43: 11.666667 | L43: 8.3333333 | M43: 4.5 | O43: 6.25 | P43: 8.5833333 | Q43: 8.4166667 | R43: 8.8333333 | S43: 8.25 | T43: 3.8333333 | V43: 3 | W43: 4.25 | X43: 7.25 | Y43: 8 | Z43: 4.1666667 | AA43: 1.9166667 | AC43: 5 | AD43: 4 | AE43: 5.6666667 | AI43: =IFERROR(AVERAGEIFS(D43:AH43,$D$1:$AH$1,"<>Sun",$D$1:$AH$1,"<>Sat",$D$1:$AH$1,"<>Mon"),"") -> 7.4666667
A44: Vrus10094 | B44: Hiren Patel | D44: 9.5 | E44: 9.0833333 | F44: 2.8333333 | H44: 5.0833333 | I44: 8.8333333 | J44: 8.1666667 | K44: 9.4166667 | O44: 4 | P44: 9.0833333 | Q44: 8.8333333 | R44: 8.0833333 | S44: 8.25 | V44: 5.5 | W44: 10.166667 | X44: 9 | Z44: 7.25 | AA44: 1.9166667 | AC44: 3.75 | AD44: 9.0833333 | AE44: 3.9166667 | AI44: =IFERROR(AVERAGEIFS(D44:AH44,$D$1:$AH$1,"<>Sun",$D$1:$AH$1,"<>Sat",$D$1:$AH$1,"<>Mon"),"") -> 8.4761905
A45: Zaki9814 | B45: Hiren Patel | D45: 13.5 | E45: 14.083333 | F45: 10 | H45: 9.8333333 | I45: 13.666667 | J45: 12.166667 | K45: 14.25 | L45: 13.75 | M45: 11.75 | O45: 8.0833333 | P45: 14.166667 | Q45: 14.25 | R45: 14.583333 | S45: 13.833333 | T45: 7.4166667 | V45: 8.5833333 | W45: 14.75 | X45: 13.916667 | Y45: 14.916667 | Z45: 0.16666667 | AC45: 8.5833333 | AD45: 14.5 | AE45: 13.583333 | AI45: =IFERROR(AVERAGEIFS(D45:AH45,$D$1:$AH$1,"<>Sun",$D$1:$AH$1,"<>Sat",$D$1:$AH$1,"<>Mon"),"") -> 13.130208
A46: Wase11144 | B46: Hiren Patel | D46: 4.6666667 | E46: 5.1666667 | F46: 2.4166667 | H46: 5.4166667 | I46: 5.25 | J46: 4.5 | K46: 3.75 | L46: 4.1666667 | V46: 3.25 | W46: 4.4166667 | X46: 4.6666667 | Y46: 4.0833333 | AD46: 5.1666667 | AE46: 5.4166667 | AI46: =IFERROR(AVERAGEIFS(D46:AH46,$D$1:$AH$1,"<>Sun",$D$1:$AH$1,"<>Sat",$D$1:$AH$1,"<>Mon"),"") -> 4.6590909
A47: Jass9592 | B47: Anil K | D47: 6.75 | E47: 6.9166667 | F47: 5.5 | I47: 7.0833333 | J47: 6.5833333 | K47: 6.0833333 | L47: 8 | M47: 6.5 | O47: 2.8333333 | P47: 6.4166667 | Q47: 6.25 | R47: 6.1666667 | S47: 6.0833333 | T47: 3.9166667 | U47: 2.5833333 | V47: 2.75 | W47: 7.3333333 | X47: 6.5833333 | Y47: 6.1666667 | AC47: 3.5833333 | AD47: 6.5 | AE47: 7.25 | AI47: =IFERROR(AVERAGEIFS(D47:AH47,$D$1:$AH$1,"<>Sun",$D$1:$AH$1,"<>Sat",$D$1:$AH$1,"<>Mon"),"") -> 6.6777778
A48: Roop10166 | B48: Anil K | D48: 2 | E48: 7.5833333 | F48: 5.4166667 | H48: 1.6666667 | I48: 7.9166667 | J48: 7 | L48: 7.5 | M48: 5.5833333 | O48: 3.6666667 | P48: 7.8333333 | Q48: 7.5 | R48: 7.5 | S48: 6.6666667 | T48: 3.6666667 | V48: 3.4166667 | W48: 6.5 | X48: 5.0833333 | Y48: 1.8333333 | Z48: 1.8333333 | AA48: 4.5833333 | AC48: 3.9166667 | AD48: 6.75 | AE48: 6 | AI48: =IFERROR(AVERAGEIFS(D48:AH48,$D$1:$AH$1,"<>Sun",$D$1:$AH$1,"<>Sat",$D$1:$AH$1,"<>Mon"),"") -> 5.9666667
A49: Bind11040 | B49: Anil K | D49: 6.75 | E49: 7.3333333 | G49: 3.0833333 | H49: 4.6666667 | I49: 7.4166667 | J49: 7.75 | K49: 6.75 | L49: 7.4166667 | M49: 6.1666667 | N49: 3.3333333 | O49: 4.6666667 | P49: 7.75 | Q49: 8 | R49: 7.9166667 | S49: 7.3333333 | T49: 4 | U49: 2.6666667 | V49: 4.5833333 | W49: 6.25 | X49: 6.9166667 | Y49: 6.8333333 | Z49: 5.5833333 | AA49: 5.4166667 | AC49: 4.75 | AD49: 5.3333333 | AE49: 6.75 | AI49: =IFERROR(AVERAGEIFS(D49:AH49,$D$1:$AH$1,"<>Sun",$D$1:$AH$1,"<>Sat",$D$1:$AH$1,"<>Mon"),"") -> 7.0052083
A50: Amra10691 | B50: Anil K | D50: 8.3333333 | E50: 6.4166667 | F50: 5.6666667 | H50: 2.3333333 | I50: 5.25 | J50: 5.1666667 | K50: 5.75 | L50: 6.8333333 | M50: 4.5 | O50: 2.0833333 | P50: 7.6666667 | R50: 7.4166667 | S50: 7 | T50: 5.25 | U50: 0.83333333 | V50: 3.75 | W50: 7.75 | X50: 7.0833333 | Y50: 7.25 | Z50: 7.3333333 | AA50: 4.3333333 | AB50: 0.66666667 | AC50: 2.8333333 | AD50: 6.8333333 | AE50: 6.25 | AI50: =IFERROR(AVERAGEIFS(D50:AH50,$D$1:$AH$1,"<>Sun",$D$1:$AH$1,"<>Sat",$D$1:$AH$1,"<>Mon"),"") -> 6.8222222
A51: Amri10992 | B51: Anil K | D51: 8.5 | E51: 9.6666667 | F51: 6.3333333 | H51: 2 | I51: 8.8333333 | J51: 7.25 | K51: 7.3333333 | L51: 9.5833333 | M51: 6.4166667 | O51: 3.0833333 | P51: 7.8333333 | Q51: 8.6666667 | R51: 5.8333333 | S51: 10.833333 | T51: 3.9166667 | V51: 3.25 | W51: 7.1666667 | X51: 7.5833333 | Y51: 8 | Z51: 7.9166667 | AA51: 3.25 | AB51: 4.1666667 | AC51: 3.6666667 | AD51: 8.25 | AE51: 8.0833333 | AI51: =IFERROR(AVERAGEIFS(D51:AH51,$D$1:$AH$1,"<>Sun",$D$1:$AH$1,"<>Sat",$D$1:$AH$1,"<>Mon"),"") -> 8.2083333
A52: Pras8770 | B52: Anil K | D52: 12 | E52: 11.916667 | F52: 8.3333333 | H52: 7.0833333 | I52: 11.166667 | J52: 11.083333 | K52: 11 | L52: 11.5 | M52: 10.083333 | O52: 9 | P52: 11.666667 | Q52: 12.083333 | R52: 11.166667 | S52: 10.75 | T52: 5.8333333 | W52: 12.666667 | X52: 11.25 | Z52: 11.583333 | AA52: 6.6666667 | AC52: 7.4166667 | AD52: 10 | AE52: 10.083333 | AI52: =IFERROR(AVERAGEIFS(D52:AH52,$D$1:$AH$1,"<>Sun",$D$1:$AH$1,"<>Sat",$D$1:$AH$1,"<>Mon"),"") -> 11.327778
A53: Biju9951 | B53: Anil K | E53: 15.416667 | H53: 7.0833333 | I53: 14.75 | J53: 15.333333 | K53: 14.833333 | L53: 14.583333 | M53: 8.75 | O53: 7.5833333 | P53: 14.916667 | Q53: 15.5 | R53: 14.833333 | S53: 14.833333 | T53: 3.4166667 | V53: 5.8333333 | W53: 15.416667 | X53: 14.416667 | Y53: 13.916667 | Z53: 14.416667 | AA53: 4.5833333 | AC53: 6.6666667 | AD53: 13.666667 | AE53: 12.916667 | AI53: =IFERROR(AVERAGEIFS(D53:AH53,$D$1:$AH$1,"<>Sun",$D$1:$AH$1,"<>Sat",$D$1:$AH$1,"<>Mon"),"") -> 14.65
A54: Chin9837 | B54: Anil K | D54: 10.5 | E54: 12.5 | F54: 8.4166667 | H54: 6 | I54: 11.583333 | J54: 10.916667 | K54: 11.75 | L54: 12.416667 | M54: 12.083333 | O54: 8.4166667 | P54: 11.166667 | Q54: 10.333333 | R54: 10.916667 | S54: 12.083333 | T54: 7.3333333 | V54: 6.0833333 | W54: 12.166667 | X54: 12.416667 | Y54: 11.666667 | Z54: 11.75 | AA54: 5.6666667 | AC54: 6.1666667 | AD54: 11.916667 | AE54: 10.083333 | AI54: =IFERROR(AVERAGEIFS(D54:AH54,$D$1:$AH$1,"<>Sun",$D$1:$AH$1,"<>Sat",$D$1:$AH$1,"<>Mon"),"") -> 11.510417
A55: Chri9949 | B55: Anil K | D55: 9.5 | E55: 10.25 | F55: 5.6666667 | H55: 5.5833333 | I55: 10.166667 | J55: 9.25 | K55: 8.75 | L55: 9.5 | M55: 8.5833333 | O55: 5.4166667 | P55: 8.8333333 | R55: 9.4166667 | S55: 8.6666667 | T55: 4.25 | V55: 6.5 | W55: 9.5 | X55: 10 | Y55: 9.8333333 | Z55: 8.4166667 | AA55: 5.25 | AB55: 5.0833333 | AC55: 6 | AD55: 9.8333333 | AE55: 9.9166667 | AI55: =IFERROR(AVERAGEIFS(D55:AH55,$D$1:$AH$1,"<>Sun",$D$1:$AH$1,"<>Sat",$D$1:$AH$1,"<>Mon"),"") -> 9.4555556
A56: Deep10918 | B56: Anil K | D56: 7.3333333 | E56: 6.75 | F56: 5.1666667 | H56: 3.6666667 | I56: 6.25 | J56: 7.3333333 | K56: 6.6666667 | L56: 6.8333333 | M56: 5.1666667 | O56: 1.4166667 | P56: 6.5 | Q56: 6.0833333 | R56: 6 | S56: 6.1666667 | T56: 3.8333333 | V56: 0 | W56: 7.75 | X56: 7 | Y56: 6.1666667 | Z56: 6 | AA56: 3.0833333 | AC56: 3.1666667 | AD56: 4.1666667 | AE56: 4.0833333 | AI56: =IFERROR(AVERAGEIFS(D56:AH56,$D$1:$AH$1,"<>Sun",$D$1:$AH$1,"<>Sat",$D$1:$AH$1,"<>Mon"),"") -> 6.3177083
A57: Dhan8515 | B57: Anil K | D57: 7.5 | E57: 7.6666667 | F57: 6.9166667 | G57: 1.5833333 | H57: 3.5 | I57: 8.5 | J57: 7.5 | K57: 7.4166667 | L57: 8.1666667 | M57: 8.6666667 | O57: 3.5 | P57: 6.9166667 | R57: 8.1666667 | S57: 7 | T57: 5.1666667 | U57: 1.0833333 | V57: 3.9166667 | W57: 8 | X57: 8.25 | Z57: 7.6666667 | AA57: 6 | AB57: 0.16666667 | AC57: 3.75 | AD57: 6.6666667 | AE57: 7.25 | AI57: =IFERROR(AVERAGEIFS(D57:AH57,$D$1:$AH$1,"<>Sun",$D$1:$AH$1,"<>Sat",$D$1:$AH$1,"<>Mon"),"") -> 7.6190476
A58: Gopi9434 | B58: Anil K | D58: 8 | E58: 7.4166667 | F58: 6.4166667 | H58: 4 | I58: 7.5833333 | J58: 7.4166667 | K58: 6.75 | L58: 7.5833333 | O58: 5.0833333 | P58: 7.8333333 | Q58: 6.75 | R58: 7.5 | S58: 8.4166667 | T58: 4.5 | V58: 4.25 | W58: 7.8333333 | X58: 8.5833333 | Y58: 8.25 | Z58: 7.6666667 | AA58: 4.4166667 | AC58: 5.1666667 | AD58: 8.25 | AE58: 7.75 | AI58: =IFERROR(AVERAGEIFS(D58:AH58,$D$1:$AH$1,"<>Sun",$D$1:$AH$1,"<>Sat",$D$1:$AH$1,"<>Mon"),"") -> 7.7239583
A59: BOIC001 | B59: Anil K | D59: 6.4166667 | E59: 5.0833333 | F59: 5.5 | I59: 5.5 | J59: 5.5 | K59: 6.5 | L59: 6.0833333 | M59: 6.4166667 | P59: 6.3333333 | Q59: 6.8333333 | R59: 6.5 | S59: 6.3333333 | T59: 3.3333333 | W59: 7.3333333 | X59: 6.5833333 | Y59: 3.3333333 | Z59: 6.8333333 | AA59: 3.6666667 | AC59: 2.4166667 | AD59: 7.8333333 | AE59: 4.0833333 | AI59: =IFERROR(AVERAGEIFS(D59:AH59,$D$1:$AH$1,"<>Sun",$D$1:$AH$1,"<>Sat",$D$1:$AH$1,"<>Mon"),"") -> 6.0677083
A60: Jish10725 | B60: Anil K | D60: 5.75 | F60: 3.9166667 | H60: 2.5 | I60: 5.0833333 | J60: 6.0833333 | K60: 5.3333333 | M60: 5.1666667 | O60: 2.5 | P60: 5.5833333 | Q60: 5.6666667 | R60: 5.75 | S60: 6 | V60: 3.1666667 | W60: 6.25 | X60: 5.6666667 | Y60: 5.5 | Z60: 6.5 | AA60: 1.5 | AC60: 2.4166667 | AD60: 5.5 | AE60: 5.0833333 | AI60: =IFERROR(AVERAGEIFS(D60:AH60,$D$1:$AH$1,"<>Sun",$D$1:$AH$1,"<>Sat",$D$1:$AH$1,"<>Mon"),"") -> 5.6964286
A61: Kalp10803 | B61: Anil K | D61: 5.75 | E61: 5.5833333 | F61: 4.8333333 | H61: 1.9166667 | AI61: =IFERROR(AVERAGEIFS(D61:AH61,$D$1:$AH$1,"<>Sun",$D$1:$AH$1,"<>Sat",$D$1:$AH$1,"<>Mon"),"") -> 5.6666667
A62: Kann10866 | B62: Anil K | D62: 9.4166667 | E62: 12.5 | F62: 5.3333333 | H62: 6.8333333 | I62: 11.5 | J62: 10.583333 | K62: 9.6666667 | L62: 12.833333 | M62: 7.9166667 | O62: 2.25 | P62: 8.6666667 | Q62: 10.583333 | R62: 9.8333333 | S62: 11.75 | T62: 4.3333333 | V62: 5.75 | W62: 10.333333 | X62: 11.5 | Y62: 9.9166667 | Z62: 8 | AA62: 5.8333333 | AC62: 6.4166667 | AD62: 8.8333333 | AE62: 9.8333333 | AI62: =IFERROR(AVERAGEIFS(D62:AH62,$D$1:$AH$1,"<>Sun",$D$1:$AH$1,"<>Sat",$D$1:$AH$1,"<>Mon"),"") -> 10.359375
A63: Moha10982 | B63: Anil K | D63: 12.416667 | E63: 10.833333 | F63: 7.8333333 | G63: 5.4166667 | H63: 9.3333333 | I63: 14.083333 | J63: 12.916667 | K63: 12.583333 | L63: 11.75 | M63: 7.3333333 | N63: 1.75 | O63: 8.4166667 | P63: 11.083333 | Q63: 12.666667 | R63: 12.916667 | S63: 11.833333 | T63: 7.25 | U63: 3.5 | V63: 7 | W63: 10.75 | X63: 11.833333 | Y63: 9.6666667 | Z63: 11.166667 | AA63: 0.083333333 | AB63: 3.4166667 | AC63: 9.75 | AD63: 12.75 | AE63: 10.833333 | AI63: =IFERROR(AVERAGEIFS(D63:AH63,$D$1:$AH$1,"<>Sun",$D$1:$AH$1,"<>Sat",$D$1:$AH$1,"<>Mon"),"") -> 11.880208
A64: Moha8910 | B64: Anil K | D64: 8.5 | E64: 7.3333333 | F64: 6.1666667 | G64: 5 | H64: 7.0833333 | I64: 9.25 | J64: 10 | K64: 9.5 | L64: 8.3333333 | M64: 8.0833333 | N64: 4.8333333 | O64: 6.4166667 | P64: 9.5833333 | Q64: 8.5 | R64: 9.6666667 | S64: 9 | T64: 8.5 | U64: 3.0833333 | V64: 7.75 | W64: 8.8333333 | X64: 9.75 | Y64: 9.0833333 | Z64: 7.6666667 | AA64: 1.1666667 | AB64: 3.5833333 | AC64: 6.8333333 | AD64: 8.4166667 | AE64: 7.6666667 | AI64: =IFERROR(AVERAGEIFS(D64:AH64,$D$1:$AH$1,"<>Sun",$D$1:$AH$1,"<>Sat",$D$1:$AH$1,"<>Mon"),"") -> 8.8177083
A65: Nand10967 | B65: Anil K | D65: 8 | E65: 7.6666667 | F65: 8.75 | I65: 0 | J65: 7.4166667 | K65: 6.75 | L65: 7.5 | M65: 6.25 | N65: 0.083333333 | O65: 3.9166667 | P65: 6.6666667 | Q65: 7.8333333 | R65: 8.1666667 | S65: 8 | T65: 6.9166667 | U65: 1.8333333 | W65: 8.25 | X65: 9.8333333 | Y65: 7.25 | Z65: 8.0833333 | AA65: 4.5833333 | AD65: 5.8333333 | AE65: 7.5 | AI65: =IFERROR(AVERAGEIFS(D65:AH65,$D$1:$AH$1,"<>Sun",$D$1:$AH$1,"<>Sat",$D$1:$AH$1,"<>Mon"),"") -> 7.171875
A66: Rafi9162 | B66: Anil K | D66: 9.3333333 | E66: 9.5 | F66: 9 | H66: 5.8333333 | I66: 8.8333333 | J66: 10.083333 | K66: 8.3333333 | L66: 9.1666667 | M66: 9.5 | N66: 0 | O66: 5.4166667 | P66: 9.3333333 | Q66: 8 | R66: 9.75 | S66: 8.75 | T66: 6.5 | U66: 2.1666667 | V66: 5 | W66: 9.0833333 | X66: 9.0833333 | Y66: 10.083333 | Z66: 8.3333333 | AC66: 5.8333333 | AD66: 8.9166667 | AE66: 7.5833333 | AI66: =IFERROR(AVERAGEIFS(D66:AH66,$D$1:$AH$1,"<>Sun",$D$1:$AH$1,"<>Sat",$D$1:$AH$1,"<>Mon"),"") -> 9.0104167
A67: Renu10681 | B67: Anil K | D67: 4 | E67: 3.4166667 | H67: 1.75 | I67: 4.5833333 | J67: 4.1666667 | K67: 4.4166667 | L67: 4.5833333 | M67: 5.0833333 | O67: 2 | P67: 4.8333333 | Q67: 3.75 | R67: 2.75 | S67: 4.4166667 | T67: 2.4166667 | V67: 2.1666667 | W67: 4.8333333 | X67: 4.8333333 | Y67: 3.9166667 | Z67: 4.1666667 | AA67: 2.9166667 | AC67: 2.4166667 | AD67: 1.9166667 | AE67: 2.3333333 | AI67: =IFERROR(AVERAGEIFS(D67:AH67,$D$1:$AH$1,"<>Sun",$D$1:$AH$1,"<>Sat",$D$1:$AH$1,"<>Mon"),"") -> 3.9322917
A68: Resh10762 | B68: Anil K | D68: 8 | E68: 9.5 | F68: 3.5833333 | H68: 3.6666667 | I68: 7.1666667 | J68: 8.75 | K68: 9.3333333 | L68: 8.6666667 | M68: 7.5 | O68: 3.75 | P68: 7.4166667 | Q68: 9.1666667 | R68: 4.4166667 | S68: 7.6666667 | T68: 2.5 | V68: 4.8333333 | W68: 9.3333333 | X68: 6.75 | Y68: 6.6666667 | AC68: 8.4166667 | AD68: 9.1666667 | AE68: 8.0833333 | AI68: =IFERROR(AVERAGEIFS(D68:AH68,$D$1:$AH$1,"<>Sun",$D$1:$AH$1,"<>Sat",$D$1:$AH$1,"<>Mon"),"") -> 8.0055556
A69: Rube10886 | B69: Anil K | D69: 0 | E69: 7.4166667 | F69: 4.9166667 | G69: 0 | H69: 3.8333333 | I69: 7.1666667 | J69: 7.25 | K69: 8.25 | L69: 0 | O69: 4.9166667 | P69: 8.6666667 | Q69: 7.1666667 | R69: 7.25 | S69: 7.3333333 | T69: 3.25 | V69: 5.4166667 | W69: 7.6666667 | X69: 7.9166667 | Y69: 7.0833333 | Z69: 6.5833333 | AA69: 4.25 | AC69: 6.1666667 | AD69: 6.25 | AE69: 7.5833333 | AI69: =IFERROR(AVERAGEIFS(D69:AH69,$D$1:$AH$1,"<>Sun",$D$1:$AH$1,"<>Sat",$D$1:$AH$1,"<>Mon"),"") -> 6.4739583
A70: Sang9223 | B70: Anil K | D70: 7.1666667 | E70: 7.25 | F70: 5.25 | H70: 3.6666667 | I70: 7 | J70: 7.25 | K70: 7.0833333 | L70: 7.3333333 | M70: 7.1666667 | O70: 3.0833333 | P70: 7.75 | Q70: 6.6666667 | R70: 7.25 | S70: 7.0833333 | T70: 2.9166667 | V70: 3.6666667 | W70: 8.1666667 | X70: 8.4166667 | Z70: 8.25 | AA70: 7.5 | AC70: 4.9166667 | AD70: 8.1666667 | AE70: 7.5833333 | AI70: =IFERROR(AVERAGEIFS(D70:AH70,$D$1:$AH$1,"<>Sun",$D$1:$AH$1,"<>Sat",$D$1:$AH$1,"<>Mon"),"") -> 7.4944444
A71: Sant10957 | B71: Anil K | D71: 6.75 | E71: 6 | I71: 6.6666667 | J71: 6.4166667 | K71: 6.8333333 | L71: 5.5833333 | M71: 5.5833333 | O71: 3.8333333 | P71: 8.5 | Q71: 6.75 | R71: 5.75 | S71: 4.9166667 | T71: 3.5 | W71: 6.9166667 | X71: 6 | Y71: 6.9166667 | Z71: 6.4166667 | AA71: 3 | AC71: 0 | AD71: 4.9166667 | AE71: 5.8333333 | AI71: =IFERROR(AVERAGEIFS(D71:AH71,$D$1:$AH$1,"<>Sun",$D$1:$AH$1,"<>Sat",$D$1:$AH$1,"<>Mon"),"") -> 6.3229167
A72: Sara9031 | B72: Anil K | D72: 6.8333333 | E72: 7.1666667 | F72: 5.0833333 | G72: 0.083333333 | H72: 3.6666667 | I72: 7.5 | J72: 8 | K72: 5.3333333 | L72: 7.25 | M72: 6.25 | N72: 0.83333333 | O72: 4.8333333 | P72: 6.75 | Q72: 5.8333333 | R72: 6.4166667 | S72: 7.5833333 | T72: 4.5833333 | U72: 0.75 | V72: 3.25 | W72: 7.75 | X72: 7 | Y72: 7.5833333 | Z72: 6.9166667 | AA72: 2.5833333 | AB72: 0.41666667 | AC72: 2.6666667 | AD72: 6.0833333 | AE72: 6.0833333 | AI72: =IFERROR(AVERAGEIFS(D72:AH72,$D$1:$AH$1,"<>Sun",$D$1:$AH$1,"<>Sat",$D$1:$AH$1,"<>Mon"),"") -> 6.8802083
A73: Shan8812 | B73: Anil K | D73: 1.3333333 | E73: 7.0833333 | F73: 5.4166667 | H73: 2.5 | I73: 7.6666667 | J73: 6.1666667 | K73: 7 | L73: 7.0833333 | M73: 5.4166667 | O73: 0.66666667 | P73: 6.75 | Q73: 7.5833333 | R73: 6.8333333 | S73: 8.25 | T73: 5 | V73: 3.75 | W73: 6.3333333 | X73: 7.0833333 | Y73: 7.1666667 | Z73: 5.5 | AA73: 3.9166667 | AC73: 3.3333333 | AD73: 6.5833333 | AE73: 4.6666667 | AI73: =IFERROR(AVERAGEIFS(D73:AH73,$D$1:$AH$1,"<>Sun",$D$1:$AH$1,"<>Sat",$D$1:$AH$1,"<>Mon"),"") -> 6.4427083
A74: Shan10921 | B74: Anil K | D74: 6.25 | E74: 6.25 | F74: 6.8333333 | G74: 0 | H74: 5.4166667 | I74: 7.5833333 | J74: 7.6666667 | K74: 7 | L74: 8 | M74: 6.25 | O74: 2.0833333 | P74: 7.1666667 | Q74: 7.1666667 | R74: 7.1666667 | S74: 8 | T74: 6 | W74: 6.6666667 | X74: 7.1666667 | Y74: 8.1666667 | Z74: 6.9166667 | AA74: 5.8333333 | AD74: 5.9166667 | AE74: 5.3333333 | AI74: =IFERROR(AVERAGEIFS(D74:AH74,$D$1:$AH$1,"<>Sun",$D$1:$AH$1,"<>Sat",$D$1:$AH$1,"<>Mon"),"") -> 7.0260417
A75: shiv8919 | B75: Anil K | D75: 7.75 | E75: 6.8333333 | F75: 6.6666667 | G75: 0.41666667 | H75: 5.3333333 | I75: 8.25 | J75: 8.0833333 | K75: 8.0833333 | L75: 9.3333333 | M75: 7.0833333 | N75: 4.9166667 | O75: 5.75 | P75: 7.8333333 | Q75: 7.6666667 | R75: 7.1666667 | S75: 6 | T75: 6.5833333 | U75: 5.3333333 | V75: 4.8333333 | W75: 10 | X75: 9.5 | Y75: 1.6666667 | Z75: 6.4166667 | AA75: 5.5 | AB75: 0.41666667 | AC75: 6.5 | AD75: 8.0833333 | AE75: 7.1666667 | AI75: =IFERROR(AVERAGEIFS(D75:AH75,$D$1:$AH$1,"<>Sun",$D$1:$AH$1,"<>Sat",$D$1:$AH$1,"<>Mon"),"") -> 7.4895833
A76: Soma10194 | B76: Anil K | E76: 10.833333 | F76: 7.0833333 | H76: 5.1666667 | I76: 9 | J76: 8.75 | K76: 10.5 | L76: 9.25 | M76: 6.75 | O76: 3.6666667 | P76: 9.3333333 | Q76: 9.5 | R76: 9.5833333 | S76: 9.5833333 | T76: 5.5833333 | V76: 6.3333333 | W76: 10.666667 | X76: 10.666667 | Y76: 7.9166667 | Z76: 10.083333 | AA76: 4.0833333 | AC76: 5.25 | AD76: 6.75 | AE76: 8 | AI76: =IFERROR(AVERAGEIFS(D76:AH76,$D$1:$AH$1,"<>Sun",$D$1:$AH$1,"<>Sat",$D$1:$AH$1,"<>Mon"),"") -> 9.3611111
A77: Srid8625 | B77: Anil K | D77: 5.0833333 | E77: 4.1666667 | F77: 4.3333333 | H77: 2.75 | I77: 5.4166667 | J77: 5.5 | K77: 4.5833333 | L77: 4.8333333 | M77: 0 | N77: 0 | O77: 2.0833333 | P77: 5.5833333 | Q77: 5.3333333 | R77: 3.8333333 | S77: 5.1666667 | V77: 2.1666667 | W77: 5.25 | X77: 4.3333333 | Y77: 2.1666667 | Z77: 5.5 | AA77: 5.0833333 | AB77: 1.9166667 | AC77: 3.0833333 | AD77: 5 | AE77: 5.25 | AI77: =IFERROR(AVERAGEIFS(D77:AH77,$D$1:$AH$1,"<>Sun",$D$1:$AH$1,"<>Sat",$D$1:$AH$1,"<>Mon"),"") -> 4.8125
A78: Sujo10999 | B78: Anil K | D78: 10.416667 | E78: 4.4166667 | F78: 5.4166667 | H78: 3.75 | I78: 10.75 | J78: 7.4166667 | K78: 11.75 | L78: 9.75 | M78: 9.0833333 | O78: 5.25 | P78: 10.916667 | Q78: 10.416667 | R78: 11 | S78: 11.583333 | T78: 4.5 | V78: 5.8333333 | W78: 10.833333 | X78: 12.666667 | Y78: 12 | Z78: 11.583333 | AC78: 3.9166667 | AD78: 10.916667 | AE78: 11 | AI78: =IFERROR(AVERAGEIFS(D78:AH78,$D$1:$AH$1,"<>Sun",$D$1:$AH$1,"<>Sat",$D$1:$AH$1,"<>Mon"),"") -> 10.463542
A79: Suma8806 | B79: Anil K | D79: 11.25 | E79: 11.5 | F79: 5.5 | H79: 5.25 | I79: 11 | J79: 10.75 | K79: 11.583333 | L79: 11 | M79: 9.0833333 | O79: 6.6666667 | P79: 10.166667 | Q79: 9.9166667 | R79: 10.333333 | S79: 7.75 | T79: 5 | V79: 3.9166667 | W79: 8.8333333 | X79: 7.9166667 | Y79: 9.25 | Z79: 8.5833333 | AA79: 5.6666667 | AC79: 4.3333333 | AD79: 7.9166667 | AE79: 8.1666667 | AI79: =IFERROR(AVERAGEIFS(D79:AH79,$D$1:$AH$1,"<>Sun",$D$1:$AH$1,"<>Sat",$D$1:$AH$1,"<>Mon"),"") -> 9.7447917
A80: Susa9132 | B80: Anil K | D80: 5.75 | E80: 6.4166667 | F80: 2.1666667 | J80: 6.5 | K80: 0.083333333 | L80: 5.75 | M80: 4.9166667 | N80: 0.58333333 | O80: 2.0833333 | P80: 5.6666667 | Q80: 4.4166667 | R80: 7.1666667 | S80: 0 | T80: 2.4166667 | V80: 3.25 | W80: 6 | X80: 6 | Y80: 5.0833333 | Z80: 6 | AA80: 4.8333333 | AB80: 3.5 | AC80: 4.5833333 | AD80: 6.3333333 | AE80: 7.4166667 | AI80: =IFERROR(AVERAGEIFS(D80:AH80,$D$1:$AH$1,"<>Sun",$D$1:$AH$1,"<>Sat",$D$1:$AH$1,"<>Mon"),"") -> 5.2388889
A81: Swet8088 | B81: Anil K | D81: 10.166667 | E81: 9.4166667 | F81: 6.6666667 | G81: 2.5 | I81: 9.9166667 | J81: 8.8333333 | K81: 9.5 | L81: 9.8333333 | M81: 9.5 | O81: 3.8333333 | P81: 9.1666667 | Q81: 10 | R81: 8.5833333 | S81: 10.5 | T81: 4.6666667 | V81: 4.3333333 | W81: 9.9166667 | X81: 9.4166667 | Z81: 10.25 | AA81: 3.9166667 | AC81: 4.3333333 | AD81: 10.916667 | AE81: 10.083333 | AI81: =IFERROR(AVERAGEIFS(D81:AH81,$D$1:$AH$1,"<>Sun",$D$1:$AH$1,"<>Sat",$D$1:$AH$1,"<>Mon"),"") -> 9.7666667
A82: Ulag9751 | B82: Anil K | D82: 7.8333333 | E82: 8.9166667 | F82: 5.9166667 | H82: 3.4166667 | I82: 10.25 | J82: 9.1666667 | K82: 9.1666667 | L82: 9.0833333 | M82: 9.6666667 | N82: 0.083333333 | O82: 3.9166667 | P82: 7.9166667 | Q82: 6.75 | R82: 8.0833333 | S82: 7.25 | T82: 5.5833333 | V82: 3.75 | W82: 8.5 | X82: 7.9166667 | Y82: 8.3333333 | Z82: 10.083333 | AA82: 5.8333333 | AB82: 0.083333333 | AC82: 4.5833333 | AD82: 8.5 | AE82: 8.9166667 | AI82: =IFERROR(AVERAGEIFS(D82:AH82,$D$1:$AH$1,"<>Sun",$D$1:$AH$1,"<>Sat",$D$1:$AH$1,"<>Mon"),"") -> 8.5416667
A83: Venk10229 | B83: Anil K | D83: 6.9166667 | E83: 7.5 | F83: 7.4166667 | H83: 5.4166667 | I83: 6.5 | J83: 7.4166667 | K83: 7.5 | L83: 8.5833333 | M83: 7.5 | O83: 4.6666667 | P83: 8 | Y83: 8.75 | Z83: 8.5833333 | AA83: 5.9166667 | AC83: 4.3333333 | AD83: 6.1666667 | AE83: 5.3333333 | AI83: =IFERROR(AVERAGEIFS(D83:AH83,$D$1:$AH$1,"<>Sun",$D$1:$AH$1,"<>Sat",$D$1:$AH$1,"<>Mon"),"") -> 7.3863636
A84: Vija10144 | B84: Anil K | D84: 12.916667 | E84: 13.5 | F84: 12.833333 | G84: 3.5 | H84: 8.9166667 | I84: 13.75 | J84: 13.166667 | K84: 13.083333 | L84: 12.583333 | M84: 10.916667 | O84: 9.6666667 | P84: 13.25 | Q84: 12.25 | R84: 13.666667 | S84: 12.666667 | T84: 10.916667 | U84: 6.1666667 | V84: 7.8333333 | W84: 13.25 | X84: 11.916667 | Y84: 9.8333333 | Z84: 11.833333 | AA84: 10.333333 | AB84: 7.3333333 | AC84: 9.0833333 | AD84: 12.083333 | AE84: 11.416667 | AI84: =IFERROR(AVERAGEIFS(D84:AH84,$D$1:$AH$1,"<>Sun",$D$1:$AH$1,"<>Sat",$D$1:$AH$1,"<>Mon"),"") -> 12.572917
A85: abdu11072 | B85: Anil K | D85: 4.0833333 | E85: 5.5 | F85: 3.0833333 | H85: 1.5833333 | I85: 4.4166667 | J85: 5.9166667 | K85: 4.0833333 | L85: 5.3333333 | M85: 3.3333333 | O85: 2.1666667 | P85: 4.25 | Q85: 4.0833333 | R85: 5.6666667 | S85: 6.3333333 | T85: 4.5 | V85: 1.5 | W85: 2.6666667 | Y85: 4 | Z85: 4.5 | AA85: 0 | AC85: 1.5 | AD85: 5.0833333 | AE85: 4.8333333 | AI85: =IFERROR(AVERAGEIFS(D85:AH85,$D$1:$AH$1,"<>Sun",$D$1:$AH$1,"<>Sat",$D$1:$AH$1,"<>Mon"),"") -> 4.7166667
A86: Mano11089 | B86: Anil K | D86: 4.25 | F86: 2.9166667 | H86: 2.3333333 | I86: 4.9166667 | J86: 3.75 | K86: 6.5 | L86: 5.3333333 | M86: 4.4166667 | O86: 1.0833333 | P86: 5.5833333 | Q86: 5.3333333 | R86: 5.0833333 | S86: 5 | T86: 2.5833333 | V86: 0 | W86: 4.6666667 | X86: 5 | Y86: 5.5 | Z86: 3.25 | AA86: 1.25 | AC86: 1.1666667 | AD86: 3.1666667 | AE86: 5.25 | AI86: =IFERROR(AVERAGEIFS(D86:AH86,$D$1:$AH$1,"<>Sun",$D$1:$AH$1,"<>Sat",$D$1:$AH$1,"<>Mon"),"") -> 4.8388889
A87: Manj11090 | B87: Anil K | D87: 7.9166667 | E87: 7 | F87: 7.1666667 | G87: 0.5 | H87: 4.1666667 | I87: 7.8333333 | J87: 6.3333333 | K87: 7.1666667 | L87: 6.5833333 | M87: 6.5 | O87: 5.75 | P87: 7.4166667 | Q87: 7.0833333 | R87: 7.8333333 | S87: 6.0833333 | T87: 6.5 | V87: 5.0833333 | W87: 7.75 | X87: 7.5833333 | Y87: 7.5 | Z87: 6.4166667 | AC87: 4.25 | AD87: 7.75 | AE87: 8.0833333 | AI87: =IFERROR(AVERAGEIFS(D87:AH87,$D$1:$AH$1,"<>Sun",$D$1:$AH$1,"<>Sat",$D$1:$AH$1,"<>Mon"),"") -> 7.2708333
A88: Lali11091 | B88: Anil K | D88: 7.5 | E88: 1 | F88: 9.5 | G88: 0.83333333 | H88: 4.5 | I88: 8.5833333 | J88: 2.9166667 | K88: 11.75 | L88: 9.4166667 | M88: 6.4166667 | O88: 4.75 | P88: 10.666667 | Q88: 10 | R88: 11.166667 | S88: 7.8333333 | T88: 6.3333333 | V88: 4.3333333 | W88: 10.75 | X88: 9.1666667 | Y88: 8.3333333 | Z88: 9.8333333 | AA88: 3.1666667 | AC88: 7.1666667 | AD88: 12.25 | AE88: 16.583333 | AI88: =IFERROR(AVERAGEIFS(D88:AH88,$D$1:$AH$1,"<>Sun",$D$1:$AH$1,"<>Sat",$D$1:$AH$1,"<>Mon"),"") -> 9.234375
A89: grac11108 | B89: Anil K | D89: 10.333333 | E89: 11.25 | F89: 6.3333333 | H89: 6 | I89: 9.5833333 | J89: 11.166667 | K89: 10.666667 | L89: 11.416667 | M89: 7.75 | O89: 7.25 | P89: 11.166667 | Q89: 10.833333 | R89: 11.666667 | S89: 9.3333333 | T89: 4.9166667 | V89: 6.25 | W89: 11.5 | X89: 11.166667 | Y89: 11 | Z89: 11 | AA89: 7.4166667 | AC89: 6.0833333 | AD89: 13.25 | AE89: 11.583333 | AI89: =IFERROR(AVERAGEIFS(D89:AH89,$D$1:$AH$1,"<>Sun",$D$1:$AH$1,"<>Sat",$D$1:$AH$1,"<>Mon"),"") -> 11.057292
A90: Bhav9253 | B90: Anil K | D90: 5.75 | E90: 5 | F90: 3.4166667 | G90: 1.1666667 | H90: 3.0833333 | P90: 0.16666667 | Q90: 5.5 | R90: 6 | S90: 6.25 | T90: 2.0833333 | U90: 0 | V90: 2.5 | Y90: 0.33333333 | Z90: 4.9166667 | AA90: 3.0833333 | AB90: 0 | AC90: 3.1666667 | AD90: 5.3333333 | AE90: 5.5833333 | AI90: =IFERROR(AVERAGEIFS(D90:AH90,$D$1:$AH$1,"<>Sun",$D$1:$AH$1,"<>Sat",$D$1:$AH$1,"<>Mon"),"") -> 4.4833333
A91: Vini11127 | B91: Anil K | D91: 7.75 | E91: 8.25 | F91: 4.0833333 | I91: 7.0833333 | J91: 8 | K91: 7.75 | L91: 7.25 | M91: 5.75 | O91: 4.25 | P91: 6.8333333 | Q91: 7.5833333 | R91: 7.5833333 | S91: 6.9166667 | T91: 3.25 | Y91: 7.0833333 | Z91: 7.5 | AA91: 5.8333333 | AC91: 6.5 | AD91: 8.1666667 | AE91: 6.4166667 | AI91: =IFERROR(AVERAGEIFS(D91:AH91,$D$1:$AH$1,"<>Sun",$D$1:$AH$1,"<>Sat",$D$1:$AH$1,"<>Mon"),"") -> 7.4404762
A92: Raje8932 | B92: Sunil Kumar K | D92: 8.25 | E92: 7.8333333 | F92: 3.1666667 | H92: 5.3333333 | I92: 7 | J92: 8.5833333 | K92: 7.8333333 | L92: 7.8333333 | M92: 2.3333333 | O92: 5.9166667 | P92: 8.0833333 | Q92: 7.1666667 | R92: 7.75 | S92: 7.8333333 | T92: 2.5833333 | V92: 5.0833333 | W92: 7.3333333 | X92: 7 | Y92: 7.9166667 | Z92: 7.5833333 | AA92: 0 | AB92: 1.75 | AC92: 6.3333333 | AD92: 8.6666667 | AE92: 8.4166667 | AI92: =IFERROR(AVERAGEIFS(D92:AH92,$D$1:$AH$1,"<>Sun",$D$1:$AH$1,"<>Sat",$D$1:$AH$1,"<>Mon"),"") -> 7.8177083
A93: Jaya8717 | B93: Sunil Kumar K | D93: 5.8333333 | E93: 3.75 | F93: 2.75 | H93: 1.5 | I93: 9.6666667 | J93: 9.0833333 | K93: 1.8333333 | L93: 6.6666667 | M93: 5.1666667 | O93: 7.5833333 | P93: 10 | Q93: 8.5833333 | R93: 9.6666667 | S93: 14.666667 | T93: 6.5833333 | U93: 2 | V93: 4.1666667 | W93: 12.666667 | X93: 14.916667 | Y93: 14.083333 | Z93: 9.5833333 | AA93: 3.6666667 | AB93: 12.166667 | AC93: 7.1666667 | AD93: 10.25 | AE93: 7.6666667 | AI93: =IFERROR(AVERAGEIFS(D93:AH93,$D$1:$AH$1,"<>Sun",$D$1:$AH$1,"<>Sat",$D$1:$AH$1,"<>Mon"),"") -> 9.3072917
A94: Kavi8118 | B94: Sunil Kumar K | D94: 6.6666667 | E94: 6.0833333 | F94: 0 | H94: 3.3333333 | I94: 7.3333333 | J94: 7.6666667 | K94: 4.75 | L94: 9.0833333 | O94: 6.3333333 | P94: 7.8333333 | Q94: 7.6666667 | R94: 8.5 | S94: 8.5 | T94: 5.1666667 | V94: 3 | W94: 7 | X94: 5.5833333 | Y94: 4.6666667 | Z94: 9.1666667 | AA94: 5.4166667 | AB94: 2.3333333 | AC94: 2.8333333 | AD94: 6.25 | AE94: 9.4166667 | AI94: =IFERROR(AVERAGEIFS(D94:AH94,$D$1:$AH$1,"<>Sun",$D$1:$AH$1,"<>Sat",$D$1:$AH$1,"<>Mon"),"") -> 7.2604167
A95: Pras8120 | B95: Sunil Kumar K | D95: 10.166667 | E95: 9.3333333 | F95: 4 | G95: 2.5 | H95: 6.75 | I95: 9.3333333 | J95: 9.25 | K95: 9.3333333 | L95: 7.75 | M95: 6.5833333 | N95: 1 | O95: 7.3333333 | P95: 8.9166667 | Q95: 8.6666667 | R95: 8.25 | S95: 7.6666667 | T95: 3.5 | U95: 4 | V95: 5.9166667 | W95: 9.4166667 | X95: 7.1666667 | Y95: 3.9166667 | Z95: 8.5 | AA95: 2.4166667 | AB95: 1.6666667 | AC95: 5.4166667 | AD95: 8.3333333 | AE95: 8.5833333 | AI95: =IFERROR(AVERAGEIFS(D95:AH95,$D$1:$AH$1,"<>Sun",$D$1:$AH$1,"<>Sat",$D$1:$AH$1,"<>Mon"),"") -> 8.4114583
A96: Muza8954 | B96: Sunil Kumar K | D96: 6.5833333 | E96: 7.6666667 | F96: 3.5 | H96: 1.1666667 | I96: 7 | J96: 6.4166667 | K96: 6.75 | L96: 6.0833333 | M96: 6.5 | O96: 4.8333333 | P96: 7 | Q96: 6.9166667 | R96: 6.4166667 | S96: 7 | T96: 5 | U96: 0.083333333 | V96: 4.0833333 | X96: 5.75 | Y96: 5.8333333 | Z96: 4.6666667 | AC96: 2.5833333 | AD96: 4.0833333 | AE96: 5.9166667 | AI96: =IFERROR(AVERAGEIFS(D96:AH96,$D$1:$AH$1,"<>Sun",$D$1:$AH$1,"<>Sat",$D$1:$AH$1,"<>Mon"),"") -> 6.2722222
A97: Kalv9767 | B97: Sunil Kumar K | D97: 7.3333333 | E97: 6 | F97: 3.25 | H97: 1.8333333 | I97: 6.4166667 | J97: 5.3333333 | K97: 5.3333333 | L97: 5.5833333 | M97: 4.6666667 | O97: 4.5 | P97: 5.5 | Q97: 6 | R97: 4.5833333 | S97: 6.1666667 | T97: 3.9166667 | V97: 3.3333333 | W97: 6.3333333 | X97: 3.5833333 | Y97: 3 | Z97: 4.75 | AI97: =IFERROR(AVERAGEIFS(D97:AH97,$D$1:$AH$1,"<>Sun",$D$1:$AH$1,"<>Sat",$D$1:$AH$1,"<>Mon"),"") -> 5.422619
A98: Dina8527 | B98: Sunil Kumar K | D98: 11.75 | E98: 10.833333 | F98: 7.75 | H98: 8.9166667 | I98: 11.583333 | J98: 10.75 | K98: 12 | L98: 11 | M98: 8.5 | O98: 8.75 | P98: 9.8333333 | Q98: 11.333333 | R98: 11.5 | S98: 10.166667 | T98: 6.4166667 | V98: 7.0833333 | W98: 11.083333 | X98: 10.416667 | Y98: 11.333333 | Z98: 9.1666667 | AC98: 7.4166667 | AD98: 10.75 | AE98: 10.25 | AI98: =IFERROR(AVERAGEIFS(D98:AH98,$D$1:$AH$1,"<>Sun",$D$1:$AH$1,"<>Sat",$D$1:$AH$1,"<>Mon"),"") -> 10.859375
A99: Sneh10156 | B99: Sunil Kumar K | D99: 4.9166667 | E99: 5 | F99: 3.75 | H99: 2 | I99: 6 | J99: 4.75 | K99: 5.75 | L99: 2.25 | O99: 2.8333333 | P99: 5.0833333 | Q99: 5.25 | R99: 5.3333333 | S99: 5.25 | T99: 4.1666667 | V99: 0.83333333 | W99: 6.6666667 | X99: 5.9166667 | Y99: 6.8333333 | Z99: 6.3333333 | AA99: 2.3333333 | AC99: 2.75 | AD99: 7.9166667 | AE99: 6.9166667 | AI99: =IFERROR(AVERAGEIFS(D99:AH99,$D$1:$AH$1,"<>Sun",$D$1:$AH$1,"<>Sat",$D$1:$AH$1,"<>Mon"),"") -> 5.6354167
A100: Sand8070 | B100: Sunil Kumar K | D100: 8 | E100: 3.4166667 | F100: 6.5833333 | H100: 5.5833333 | I100: 8.1666667 | J100: 8.4166667 | K100: 9.5833333 | L100: 8.0833333 | M100: 7.3333333 | O100: 5.75 | P100: 10.166667 | Q100: 8.1666667 | R100: 8.6666667 | S100: 8 | T100: 7.0833333 | V100: 5.9166667 | W100: 8.5 | X100: 7.4166667 | Z100: 9 | AA100: 2.5833333 | AC100: 5.4166667 | AD100: 8.3333333 | AE100: 6.5 | AI100: =IFERROR(AVERAGEIFS(D100:AH100,$D$1:$AH$1,"<>Sun",$D$1:$AH$1,"<>Sat",$D$1:$AH$1,"<>Mon"),"") -> 8.0277778
...

Sheet UK Holiday

Sheet DUP Summary
B1: Define No Of Days in Month -> | C1: 20 | H1: =TEXT(H2,"ddd") -> Thu | K1: =TEXT(K2,"ddd") -> Fri | N1: =TEXT(N2,"ddd") -> Sat | Q1: =TEXT(Q2,"ddd") -> Sun | T1: =TEXT(T2,"ddd") -> Mon | W1: =TEXT(W2,"ddd") -> Tue | Z1: =TEXT(Z2,"ddd") -> Wed | AC1: =TEXT(AC2,"ddd") -> Thu | AF1: =TEXT(AF2,"ddd") -> Fri | AI1: =TEXT(AI2,"ddd") -> Sat | AL1: =TEXT(AL2,"ddd") -> Sun | AO1: =TEXT(AO2,"ddd") -> Mon | AR1: =TEXT(AR2,"ddd") -> Tue | AU1: =TEXT(AU2,"ddd") -> Wed | AX1: =TEXT(AX2,"ddd") -> Thu | BA1: =TEXT(BA2,"ddd") -> Fri | BD1: =TEXT(BD2,"ddd") -> Sat | BG1: =TEXT(BG2,"ddd") -> Sun | BJ1: =TEXT(BJ2,"ddd") -> Mon | BM1: =TEXT(BM2,"ddd") -> Tue | BP1: =TEXT(BP2,"ddd") -> Wed | BS1: =TEXT(BS2,"ddd") -> Thu | BV1: =TEXT(BV2,"ddd") -> Fri | BY1: =TEXT(BY2,"ddd") -> Sat | CB1: =TEXT(CB2,"ddd") -> Sun | CE1: =TEXT(CE2,"ddd") -> Mon | CH1: =TEXT(CH2,"ddd") -> Tue | CK1: =TEXT(CK2,"ddd") -> Wed | CN1: =TEXT(CN2,"ddd") -> Thu | CQ1: =TEXT(CQ2,"ddd") -> Fri | CT1: =TEXT(CT2,"ddd") -> Sat | DB1: No of Day's Woked | DC1: Remaining Days
H2: 46079 | I2: =H2 -> 46079 | J2: =H2 -> 46079 | K2: =H2+1 -> 46080 | L2: =K2 -> 46080 | M2: =K2 -> 46080 | N2: =K2+1 -> 46081 | O2: =N2 -> 46081 | P2: =N2 -> 46081 | Q2: =N2+1 -> 46082 | R2: =Q2 -> 46082 | S2: =Q2 -> 46082 | T2: =Q2+1 -> 46083 | U2: =T2 -> 46083 | V2: =T2 -> 46083 | W2: =T2+1 -> 46084 | X2: =W2 -> 46084 | Y2: =W2 -> 46084 | Z2: =W2+1 -> 46085 | AA2: =Z2 -> 46085 | AB2: =Z2 -> 46085 | AC2: =Z2+1 -> 46086 | AD2: =AC2 -> 46086 | AE2: =AC2 -> 46086 | AF2: =AC2+1 -> 46087 | AG2: =AF2 -> 46087 | AH2: =AF2 -> 46087 | AI2: =AF2+1 -> 46088 | AJ2: =AI2 -> 46088 | AK2: =AI2 -> 46088 | AL2: =AI2+1 -> 46089 | AM2: =AL2 -> 46089 | AN2: =AL2 -> 46089 | AO2: =AL2+1 -> 46090 | AP2: =AO2 -> 46090 | AQ2: =AO2 -> 46090 | AR2: =AO2+1 -> 46091 | AS2: =AR2 -> 46091 | AT2: =AR2 -> 46091 | AU2: =AR2+1 -> 46092 | AV2: =AU2 -> 46092 | AW2: =AU2 -> 46092 | AX2: =AU2+1 -> 46093 | AY2: =AX2 -> 46093 | AZ2: =AX2 -> 46093 | BA2: =AX2+1 -> 46094 | BB2: =BA2 -> 46094 | BC2: =BA2 -> 46094 | BD2: =BA2+1 -> 46095 | BE2: =BD2 -> 46095 | BF2: =BD2 -> 46095 | BG2: =BD2+1 -> 46096 | BH2: =BG2 -> 46096 | BI2: =BG2 -> 46096 | BJ2: =BG2+1 -> 46097 | BK2: =BJ2 -> 46097 | BL2: =BJ2 -> 46097 | BM2: =BJ2+1 -> 46098 | BN2: =BM2 -> 46098 | BO2: =BM2 -> 46098 | BP2: =BM2+1 -> 46099 | BQ2: =BP2 -> 46099 | BR2: =BP2 -> 46099 | BS2: =BP2+1 -> 46100 | BT2: =BS2 -> 46100 | BU2: =BS2 -> 46100 | BV2: =BS2+1 -> 46101 | BW2: =BV2 -> 46101 | BX2: =BV2 -> 46101 | BY2: =BV2+1 -> 46102 | BZ2: =BY2 -> 46102 | CA2: =BY2 -> 46102 | CB2: =BY2+1 -> 46103 | CC2: =CB2 -> 46103 | CD2: =CB2 -> 46103 | CE2: =CB2+1 -> 46104 | CF2: =CE2 -> 46104 | CG2: =CE2 -> 46104 | CH2: =CE2+1 -> 46105 | CI2: =CH2 -> 46105 | CJ2: =CH2 -> 46105 | CK2: =CH2+1 -> 46106 | CL2: =CK2 -> 46106 | CM2: =CK2 -> 46106 | CN2: =CK2+1 -> 46107 | CO2: =CN2 -> 46107 | CP2: =CN2 -> 46107 | CQ2: =CN2+1 -> 46108 | CR2: =CQ2 -> 46108 | CS2: =CQ2 -> 46108 | CT2: =CQ2+1 -> 46109 | CU2: =CT2 -> 46109 | CV2: =CT2 -> 46109 | DB2: =SUM('Productivity Dump'!$E$1:$AI$1) -> 22.5 | DC2: =C1-DB2 -> -2.5 | DF2: Overall
A3: EC | B3: Name | C3: DIT ID | D3: TL | E3: Monthly Target | F3: Daily Target | G3: Target For Weekends (50%) | H3: Productivity | I3: Attendance | J3: Active Hours | K3: Productivity | L3: Attendance | M3: Active Hours | N3: Productivity | O3: Attendance | P3: Active Hours | Q3: Productivity | R3: Attendance | S3: Active Hours | T3: Productivity | U3: Attendance | V3: Active Hours | W3: Productivity | X3: Attendance | Y3: Active Hours | Z3: Productivity | AA3: Attendance | AB3: Active Hours | AC3: Productivity | AD3: Attendance | AE3: Active Hours | AF3: Productivity | AG3: Attendance | AH3: Active Hours | AI3: Productivity | AJ3: Attendance | AK3: Active Hours | AL3: Productivity | AM3: Attendance | AN3: Active Hours | AO3: Productivity | AP3: Attendance | AQ3: Active Hours | AR3: Productivity | AS3: Attendance | AT3: Active Hours | AU3: Productivity | AV3: Attendance | AW3: Active Hours | AX3: Productivity | AY3: Attendance | AZ3: Active Hours | BA3: Productivity | BB3: Attendance | BC3: Active Hours | BD3: Productivity | BE3: Attendance | BF3: Active Hours | BG3: Productivity | BH3: Attendance | BI3: Active Hours | BJ3: Productivity | BK3: Attendance | BL3: Active Hours | BM3: Productivity | BN3: Attendance | BO3: Active Hours | BP3: Productivity | BQ3: Attendance | BR3: Active Hours | BS3: Productivity | BT3: Attendance | BU3: Active Hours | BV3: Productivity | BW3: Attendance | BX3: Active Hours | BY3: Productivity | BZ3: Attendance | CA3: Active Hours | CB3: Productivity | CC3: Attendance | CD3: Active Hours | CE3: Productivity | CF3: Attendance | CG3: Active Hours | CH3: Productivity | CI3: Attendance | CJ3: Active Hours | CK3: Productivity | CL3: Attendance | CM3: Active Hours | CN3: Productivity | CO3: Attendance | CP3: Active Hours | CQ3: Productivity | CR3: Attendance | CS3: Active Hours | CT3: Productivity | CU3: Attendance | CV3: Active Hours | DA3: Total Active Hour's Worked | DB3: Monthly Achieved Overall Lines | DC3: Yet to Achieve | DD3: Yet to Achieve Per Day | DF3: If productivity is Zero and Attendance is P | DG3: If productivity is <50% and attendance is P | DH3: If productivity is >50% to <80% and attendance is P | DI3: If productivity is >80% to <100 % and attendance is P
A4: BOI8268 | B4: Bhaskar .S | C4: Bhas8268 | D4: Hiren Patel | E4: 22555.556 | F4: =E4/$C$1 -> 1127.7778 | G4: =F4*0.5 -> 563.88889 | H4: =_xlfn.IFNA(IF(H$3="Productivity", INDEX('Productivity Dump'!$E$4:$AJ$500, MATCH($A4,'Productivity Dump'!$A$4:$A$500,0), MATCH(H$2,'Productivity Dump'!$E$3:$AJ$3,0) ), IF(H$3="Attendance", INDEX('Attendance Dump'!$E$2:$AI$400, MATCH($A4,'Attendance Dump'!$B$2:$B$400,0), MATCH(H$2,'Attendance Dump'!$E$1:$AI$1,0) ), INDEX('Active Hour''s Dump'!$D$3:$AH$337, MATCH($C4,'Active Hour''s Dump'!$A$3:$A$337,0), MATCH(H$2,'Active Hour''s Dump'!$D$2:$AH$2,0) ))),"") -> 1182.617 | I4: =_xlfn.IFNA(IF(I$3="Productivity", INDEX('Productivity Dump'!$E$4:$AJ$500, MATCH($A4,'Productivity Dump'!$A$4:$A$500,0), MATCH(I$2,'Productivity Dump'!$E$3:$AJ$3,0) ), IF(I$3="Attendance", INDEX('Attendance Dump'!$E$2:$AI$400, MATCH($A4,'Attendance Dump'!$B$2:$B$400,0), MATCH(I$2,'Attendance Dump'!$E$1:$AI$1,0) ), INDEX('Active Hour''s Dump'!$D$3:$AH$337, MATCH($C4,'Active Hour''s Dump'!$A$3:$A$337,0), MATCH(I$2,'Active Hour''s Dump'!$D$2:$AH$2,0) ))),"") -> P | J4: =_xlfn.IFNA(IF(J$3="Productivity", INDEX('Productivity Dump'!$E$4:$AJ$500, MATCH($A4,'Productivity Dump'!$A$4:$A$500,0), MATCH(J$2,'Productivity Dump'!$E$3:$AJ$3,0) ), IF(J$3="Attendance", INDEX('Attendance Dump'!$E$2:$AI$400, MATCH($A4,'Attendance Dump'!$B$2:$B$400,0), MATCH(J$2,'Attendance Dump'!$E$1:$AI$1,0) ), INDEX('Active Hour''s Dump'!$D$3:$AH$337, MATCH($C4,'Active Hour''s Dump'!$A$3:$A$337,0), MATCH(J$2,'Active Hour''s Dump'!$D$2:$AH$2,0) ))),"") -> 10.75 | K4: =_xlfn.IFNA(IF(K$3="Productivity", INDEX('Productivity Dump'!$E$4:$AJ$500, MATCH($A4,'Productivity Dump'!$A$4:$A$500,0), MATCH(K$2,'Productivity Dump'!$E$3:$AJ$3,0) ), IF(K$3="Attendance", INDEX('Attendance Dump'!$E$2:$AI$400, MATCH($A4,'Attendance Dump'!$B$2:$B$400,0), MATCH(K$2,'Attendance Dump'!$E$1:$AI$1,0) ), INDEX('Active Hour''s Dump'!$D$3:$AH$337, MATCH($C4,'Active Hour''s Dump'!$A$3:$A$337,0), MATCH(K$2,'Active Hour''s Dump'!$D$2:$AH$2,0) ))),"") -> 921.598 | L4: =_xlfn.IFNA(IF(L$3="Productivity", INDEX('Productivity Dump'!$E$4:$AJ$500, MATCH($A4,'Productivity Dump'!$A$4:$A$500,0), MATCH(L$2,'Productivity Dump'!$E$3:$AJ$3,0) ), IF(L$3="Attendance", INDEX('Attendance Dump'!$E$2:$AI$400, MATCH($A4,'Attendance Dump'!$B$2:$B$400,0), MATCH(L$2,'Attendance Dump'!$E$1:$AI$1,0) ), INDEX('Active Hour''s Dump'!$D$3:$AH$337, MATCH($C4,'Active Hour''s Dump'!$A$3:$A$337,0), MATCH(L$2,'Active Hour''s Dump'!$D$2:$AH$2,0) ))),"") -> P | M4: =_xlfn.IFNA(IF(M$3="Productivity", INDEX('Productivity Dump'!$E$4:$AJ$500, MATCH($A4,'Productivity Dump'!$A$4:$A$500,0), MATCH(M$2,'Productivity Dump'!$E$3:$AJ$3,0) ), IF(M$3="Attendance", INDEX('Attendance Dump'!$E$2:$AI$400, MATCH($A4,'Attendance Dump'!$B$2:$B$400,0), MATCH(M$2,'Attendance Dump'!$E$1:$AI$1,0) ), INDEX('Active Hour''s Dump'!$D$3:$AH$337, MATCH($C4,'Active Hour''s Dump'!$A$3:$A$337,0), MATCH(M$2,'Active Hour''s Dump'!$D$2:$AH$2,0) ))),"") -> 10.25 | N4: =_xlfn.IFNA(IF(N$3="Productivity", INDEX('Productivity Dump'!$E$4:$AJ$500, MATCH($A4,'Productivity Dump'!$A$4:$A$500,0), MATCH(N$2,'Productivity Dump'!$E$3:$AJ$3,0) ), IF(N$3="Attendance", INDEX('Attendance Dump'!$E$2:$AI$400, MATCH($A4,'Attendance Dump'!$B$2:$B$400,0), MATCH(N$2,'Attendance Dump'!$E$1:$AI$1,0) ), INDEX('Active Hour''s Dump'!$D$3:$AH$337, MATCH($C4,'Active Hour''s Dump'!$A$3:$A$337,0), MATCH(N$2,'Active Hour''s Dump'!$D$2:$AH$2,0) ))),"") -> 646.92 | O4: =_xlfn.IFNA(IF(O$3="Productivity", INDEX('Productivity Dump'!$E$4:$AJ$500, MATCH($A4,'Productivity Dump'!$A$4:$A$500,0), MATCH(O$2,'Productivity Dump'!$E$3:$AJ$3,0) ), IF(O$3="Attendance", INDEX('Attendance Dump'!$E$2:$AI$400, MATCH($A4,'Attendance Dump'!$B$2:$B$400,0), MATCH(O$2,'Attendance Dump'!$E$1:$AI$1,0) ), INDEX('Active Hour''s Dump'!$D$3:$AH$337, MATCH($C4,'Active Hour''s Dump'!$A$3:$A$337,0), MATCH(O$2,'Active Hour''s Dump'!$D$2:$AH$2,0) ))),"") -> P | ... CV4: =_xlfn.IFNA(IF(CV$3="Productivity", INDEX('Productivity Dump'!$E$4:$AJ$500, MATCH($A4,'Productivity Dump'!$A$4:$A$500,0), MATCH(CV$2,'Productivity Dump'!$E$3:$AJ$3,0) ), IF(CV$3="Attendance", INDEX('Attendance Dump'!$E$2:$AI$400, MATCH($A4,'Attendance Dump'!$B$2:$B$400,0), MATCH(CV$2,'Attendance Dump'!$E$1:$AI$1,0) ), INDEX('Active Hour''s Dump'!$D$3:$AH$337, MATCH($C4,'Active Hour''s Dump'!$A$3:$A$337,0), MATCH(CV$2,'Active Hour''s Dump'!$D$2:$AH$2,0) ))),"") -> 0 | DA4: =SUMIFS($H4:$CY4,$H$3:$CY$3,"Active Hours") -> 235.66667 | DB4: =SUMIFS($H4:$CY4,$H$3:$CY$3,"Productivity") -> 22589.013 | DC4: =MAX(0,E4-DB4) -> 0 | DD4: =IFERROR(MAX(0,DC4/$DC$2),DC4) -> 0 | DF4: {=SUMPRODUCT( (MOD(COLUMN(H4:CV4) - COLUMN(H4), 3) = 0) * (H4:CV4 = 0) * (I4:CW4 = "P") * (COUNTIF(UKHoliday, H$2:CV$2) = 0) )} -> 0 | DG4: {=SUMPRODUCT( (MOD(COLUMN(H4:CV4) - COLUMN(H4), 3) = 0) * (H4:CV4 > 0) * (H4:CV4 < 0.5 * IF(((WEEKDAY(H$2:CV$2, 2) = 1) + (WEEKDAY(H$2:CV$2, 2) = 6)), G4, F4)) * (I4:CW4 = "P") * (COUNTIF(UKHoliday, H$2:CV$2) = 0) )} -> 0 | DH4: {=SUMPRODUCT( (MOD(COLUMN(H4:CV4) - COLUMN(H4), 3) = 0) * (H4:CV4 > 0.5 * IF(((WEEKDAY(H$2:CV$2, 2) = 1) + (WEEKDAY(H$2:CV$2, 2) = 6)), $G4, $F4)) * (H4:CV4 < 0.8 * IF(((WEEKDAY(H$2:CV$2, 2) = 1) + (WEEKDAY(H$2:CV$2, 2) = 6)), $G4, $F4)) * (I4:CW4 = "P") * (COUNTIF(UKHoliday, H$2:CV$2) = 0) )} -> 5 | DI4: {=SUMPRODUCT( (MOD(COLUMN(H4:CV4) - COLUMN(H4), 3) = 0) * (H4:CV4 > 0.8 * IF(((WEEKDAY(H$2:CV$2, 2) = 1) + (WEEKDAY(H$2:CV$2, 2) = 6)), $G4, $F4)) * (H4:CV4 < 1 * IF(((WEEKDAY(H$2:CV$2, 2) = 1) + (WEEKDAY(H$2:CV$2, 2) = 6)), $G4, $F4)) * (I4:CW4 = "P") * (COUNTIF(UKHoliday, H$2:CV$2) = 0) )} -> 10
A5: BOI8269 | B5: Poornima Marappa | C5: Poor8269 | D5: Hiren Patel | E5: 24000 | F5: =E5/$C$1 -> 1200 | G5: =F5*0.5 -> 600 | H5: =_xlfn.IFNA(IF(H$3="Productivity", INDEX('Productivity Dump'!$E$4:$AJ$500, MATCH($A5,'Productivity Dump'!$A$4:$A$500,0), MATCH(H$2,'Productivity Dump'!$E$3:$AJ$3,0) ), IF(H$3="Attendance", INDEX('Attendance Dump'!$E$2:$AI$400, MATCH($A5,'Attendance Dump'!$B$2:$B$400,0), MATCH(H$2,'Attendance Dump'!$E$1:$AI$1,0) ), INDEX('Active Hour''s Dump'!$D$3:$AH$337, MATCH($C5,'Active Hour''s Dump'!$A$3:$A$337,0), MATCH(H$2,'Active Hour''s Dump'!$D$2:$AH$2,0) ))),"") -> 1117.703 | I5: =_xlfn.IFNA(IF(I$3="Productivity", INDEX('Productivity Dump'!$E$4:$AJ$500, MATCH($A5,'Productivity Dump'!$A$4:$A$500,0), MATCH(I$2,'Productivity Dump'!$E$3:$AJ$3,0) ), IF(I$3="Attendance", INDEX('Attendance Dump'!$E$2:$AI$400, MATCH($A5,'Attendance Dump'!$B$2:$B$400,0), MATCH(I$2,'Attendance Dump'!$E$1:$AI$1,0) ), INDEX('Active Hour''s Dump'!$D$3:$AH$337, MATCH($C5,'Active Hour''s Dump'!$A$3:$A$337,0), MATCH(I$2,'Active Hour''s Dump'!$D$2:$AH$2,0) ))),"") -> P | J5: =_xlfn.IFNA(IF(J$3="Productivity", INDEX('Productivity Dump'!$E$4:$AJ$500, MATCH($A5,'Productivity Dump'!$A$4:$A$500,0), MATCH(J$2,'Productivity Dump'!$E$3:$AJ$3,0) ), IF(J$3="Attendance", INDEX('Attendance Dump'!$E$2:$AI$400, MATCH($A5,'Attendance Dump'!$B$2:$B$400,0), MATCH(J$2,'Attendance Dump'!$E$1:$AI$1,0) ), INDEX('Active Hour''s Dump'!$D$3:$AH$337, MATCH($C5,'Active Hour''s Dump'!$A$3:$A$337,0), MATCH(J$2,'Active Hour''s Dump'!$D$2:$AH$2,0) ))),"") -> 5.6666667 | K5: =_xlfn.IFNA(IF(K$3="Productivity", INDEX('Productivity Dump'!$E$4:$AJ$500, MATCH($A5,'Productivity Dump'!$A$4:$A$500,0), MATCH(K$2,'Productivity Dump'!$E$3:$AJ$3,0) ), IF(K$3="Attendance", INDEX('Attendance Dump'!$E$2:$AI$400, MATCH($A5,'Attendance Dump'!$B$2:$B$400,0), MATCH(K$2,'Attendance Dump'!$E$1:$AI$1,0) ), INDEX('Active Hour''s Dump'!$D$3:$AH$337, MATCH($C5,'Active Hour''s Dump'!$A$3:$A$337,0), MATCH(K$2,'Active Hour''s Dump'!$D$2:$AH$2,0) ))),"") -> 1134.393 | L5: =_xlfn.IFNA(IF(L$3="Productivity", INDEX('Productivity Dump'!$E$4:$AJ$500, MATCH($A5,'Productivity Dump'!$A$4:$A$500,0), MATCH(L$2,'Productivity Dump'!$E$3:$AJ$3,0) ), IF(L$3="Attendance", INDEX('Attendance Dump'!$E$2:$AI$400, MATCH($A5,'Attendance Dump'!$B$2:$B$400,0), MATCH(L$2,'Attendance Dump'!$E$1:$AI$1,0) ), INDEX('Active Hour''s Dump'!$D$3:$AH$337, MATCH($C5,'Active Hour''s Dump'!$A$3:$A$337,0), MATCH(L$2,'Active Hour''s Dump'!$D$2:$AH$2,0) ))),"") -> P | M5: =_xlfn.IFNA(IF(M$3="Productivity", INDEX('Productivity Dump'!$E$4:$AJ$500, MATCH($A5,'Productivity Dump'!$A$4:$A$500,0), MATCH(M$2,'Productivity Dump'!$E$3:$AJ$3,0) ), IF(M$3="Attendance", INDEX('Attendance Dump'!$E$2:$AI$400, MATCH($A5,'Attendance Dump'!$B$2:$B$400,0), MATCH(M$2,'Attendance Dump'!$E$1:$AI$1,0) ), INDEX('Active Hour''s Dump'!$D$3:$AH$337, MATCH($C5,'Active Hour''s Dump'!$A$3:$A$337,0), MATCH(M$2,'Active Hour''s Dump'!$D$2:$AH$2,0) ))),"") -> 6 | N5: =_xlfn.IFNA(IF(N$3="Productivity", INDEX('Productivity Dump'!$E$4:$AJ$500, MATCH($A5,'Productivity Dump'!$A$4:$A$500,0), MATCH(N$2,'Productivity Dump'!$E$3:$AJ$3,0) ), IF(N$3="Attendance", INDEX('Attendance Dump'!$E$2:$AI$400, MATCH($A5,'Attendance Dump'!$B$2:$B$400,0), MATCH(N$2,'Attendance Dump'!$E$1:$AI$1,0) ), INDEX('Active Hour''s Dump'!$D$3:$AH$337, MATCH($C5,'Active Hour''s Dump'!$A$3:$A$337,0), MATCH(N$2,'Active Hour''s Dump'!$D$2:$AH$2,0) ))),"") -> 705.748 | O5: =_xlfn.IFNA(IF(O$3="Productivity", INDEX('Productivity Dump'!$E$4:$AJ$500, MATCH($A5,'Productivity Dump'!$A$4:$A$500,0), MATCH(O$2,'Productivity Dump'!$E$3:$AJ$3,0) ), IF(O$3="Attendance", INDEX('Attendance Dump'!$E$2:$AI$400, MATCH($A5,'Attendance Dump'!$B$2:$B$400,0), MATCH(O$2,'Attendance Dump'!$E$1:$AI$1,0) ), INDEX('Active Hour''s Dump'!$D$3:$AH$337, MATCH($C5,'Active Hour''s Dump'!$A$3:$A$337,0), MATCH(O$2,'Active Hour''s Dump'!$D$2:$AH$2,0) ))),"") -> P | ... CV5: =_xlfn.IFNA(IF(CV$3="Productivity", INDEX('Productivity Dump'!$E$4:$AJ$500, MATCH($A5,'Productivity Dump'!$A$4:$A$500,0), MATCH(CV$2,'Productivity Dump'!$E$3:$AJ$3,0) ), IF(CV$3="Attendance", INDEX('Attendance Dump'!$E$2:$AI$400, MATCH($A5,'Attendance Dump'!$B$2:$B$400,0), MATCH(CV$2,'Attendance Dump'!$E$1:$AI$1,0) ), INDEX('Active Hour''s Dump'!$D$3:$AH$337, MATCH($C5,'Active Hour''s Dump'!$A$3:$A$337,0), MATCH(CV$2,'Active Hour''s Dump'!$D$2:$AH$2,0) ))),"") -> 0 | DA5: =SUMIFS($H5:$CY5,$H$3:$CY$3,"Active Hours") -> 114.08333 | DB5: =SUMIFS($H5:$CY5,$H$3:$CY$3,"Productivity") -> 20826.782 | DC5: =MAX(0,E5-DB5) -> 3173.218 | DD5: =IFERROR(MAX(0,DC5/$DC$2),DC5) -> 0 | DF5: {=SUMPRODUCT( (MOD(COLUMN(H5:CV5) - COLUMN(H5), 3) = 0) * (H5:CV5 = 0) * (I5:CW5 = "P") * (COUNTIF(UKHoliday, H$2:CV$2) = 0) )} -> 0 | DG5: {=SUMPRODUCT( (MOD(COLUMN(H5:CV5) - COLUMN(H5), 3) = 0) * (H5:CV5 > 0) * (H5:CV5 < 0.5 * IF(((WEEKDAY(H$2:CV$2, 2) = 1) + (WEEKDAY(H$2:CV$2, 2) = 6)), G5, F5)) * (I5:CW5 = "P") * (COUNTIF(UKHoliday, H$2:CV$2) = 0) )} -> 0 | DH5: {=SUMPRODUCT( (MOD(COLUMN(H5:CV5) - COLUMN(H5), 3) = 0) * (H5:CV5 > 0.5 * IF(((WEEKDAY(H$2:CV$2, 2) = 1) + (WEEKDAY(H$2:CV$2, 2) = 6)), $G5, $F5)) * (H5:CV5 < 0.8 * IF(((WEEKDAY(H$2:CV$2, 2) = 1) + (WEEKDAY(H$2:CV$2, 2) = 6)), $G5, $F5)) * (I5:CW5 = "P") * (COUNTIF(UKHoliday, H$2:CV$2) = 0) )} -> 3 | DI5: {=SUMPRODUCT( (MOD(COLUMN(H5:CV5) - COLUMN(H5), 3) = 0) * (H5:CV5 > 0.8 * IF(((WEEKDAY(H$2:CV$2, 2) = 1) + (WEEKDAY(H$2:CV$2, 2) = 6)), $G5, $F5)) * (H5:CV5 < 1 * IF(((WEEKDAY(H$2:CV$2, 2) = 1) + (WEEKDAY(H$2:CV$2, 2) = 6)), $G5, $F5)) * (I5:CW5 = "P") * (COUNTIF(UKHoliday, H$2:CV$2) = 0) )} -> 14
A6: BOI8770 | B6: BPR Prasad Rao | C6: Pras8770 | D6: Anil K | E6: 30800 | F6: =E6/$C$1 -> 1540 | G6: =F6*0.5 -> 770 | H6: =_xlfn.IFNA(IF(H$3="Productivity", INDEX('Productivity Dump'!$E$4:$AJ$500, MATCH($A6,'Productivity Dump'!$A$4:$A$500,0), MATCH(H$2,'Productivity Dump'!$E$3:$AJ$3,0) ), IF(H$3="Attendance", INDEX('Attendance Dump'!$E$2:$AI$400, MATCH($A6,'Attendance Dump'!$B$2:$B$400,0), MATCH(H$2,'Attendance Dump'!$E$1:$AI$1,0) ), INDEX('Active Hour''s Dump'!$D$3:$AH$337, MATCH($C6,'Active Hour''s Dump'!$A$3:$A$337,0), MATCH(H$2,'Active Hour''s Dump'!$D$2:$AH$2,0) ))),"") -> 1815.836 | I6: =_xlfn.IFNA(IF(I$3="Productivity", INDEX('Productivity Dump'!$E$4:$AJ$500, MATCH($A6,'Productivity Dump'!$A$4:$A$500,0), MATCH(I$2,'Productivity Dump'!$E$3:$AJ$3,0) ), IF(I$3="Attendance", INDEX('Attendance Dump'!$E$2:$AI$400, MATCH($A6,'Attendance Dump'!$B$2:$B$400,0), MATCH(I$2,'Attendance Dump'!$E$1:$AI$1,0) ), INDEX('Active Hour''s Dump'!$D$3:$AH$337, MATCH($C6,'Active Hour''s Dump'!$A$3:$A$337,0), MATCH(I$2,'Active Hour''s Dump'!$D$2:$AH$2,0) ))),"") -> P | J6: =_xlfn.IFNA(IF(J$3="Productivity", INDEX('Productivity Dump'!$E$4:$AJ$500, MATCH($A6,'Productivity Dump'!$A$4:$A$500,0), MATCH(J$2,'Productivity Dump'!$E$3:$AJ$3,0) ), IF(J$3="Attendance", INDEX('Attendance Dump'!$E$2:$AI$400, MATCH($A6,'Attendance Dump'!$B$2:$B$400,0), MATCH(J$2,'Attendance Dump'!$E$1:$AI$1,0) ), INDEX('Active Hour''s Dump'!$D$3:$AH$337, MATCH($C6,'Active Hour''s Dump'!$A$3:$A$337,0), MATCH(J$2,'Active Hour''s Dump'!$D$2:$AH$2,0) ))),"") -> 12 | K6: =_xlfn.IFNA(IF(K$3="Productivity", INDEX('Productivity Dump'!$E$4:$AJ$500, MATCH($A6,'Productivity Dump'!$A$4:$A$500,0), MATCH(K$2,'Productivity Dump'!$E$3:$AJ$3,0) ), IF(K$3="Attendance", INDEX('Attendance Dump'!$E$2:$AI$400, MATCH($A6,'Attendance Dump'!$B$2:$B$400,0), MATCH(K$2,'Attendance Dump'!$E$1:$AI$1,0) ), INDEX('Active Hour''s Dump'!$D$3:$AH$337, MATCH($C6,'Active Hour''s Dump'!$A$3:$A$337,0), MATCH(K$2,'Active Hour''s Dump'!$D$2:$AH$2,0) ))),"") -> 1919.369 | L6: =_xlfn.IFNA(IF(L$3="Productivity", INDEX('Productivity Dump'!$E$4:$AJ$500, MATCH($A6,'Productivity Dump'!$A$4:$A$500,0), MATCH(L$2,'Productivity Dump'!$E$3:$AJ$3,0) ), IF(L$3="Attendance", INDEX('Attendance Dump'!$E$2:$AI$400, MATCH($A6,'Attendance Dump'!$B$2:$B$400,0), MATCH(L$2,'Attendance Dump'!$E$1:$AI$1,0) ), INDEX('Active Hour''s Dump'!$D$3:$AH$337, MATCH($C6,'Active Hour''s Dump'!$A$3:$A$337,0), MATCH(L$2,'Active Hour''s Dump'!$D$2:$AH$2,0) ))),"") -> P | M6: =_xlfn.IFNA(IF(M$3="Productivity", INDEX('Productivity Dump'!$E$4:$AJ$500, MATCH($A6,'Productivity Dump'!$A$4:$A$500,0), MATCH(M$2,'Productivity Dump'!$E$3:$AJ$3,0) ), IF(M$3="Attendance", INDEX('Attendance Dump'!$E$2:$AI$400, MATCH($A6,'Attendance Dump'!$B$2:$B$400,0), MATCH(M$2,'Attendance Dump'!$E$1:$AI$1,0) ), INDEX('Active Hour''s Dump'!$D$3:$AH$337, MATCH($C6,'Active Hour''s Dump'!$A$3:$A$337,0), MATCH(M$2,'Active Hour''s Dump'!$D$2:$AH$2,0) ))),"") -> 11.916667 | N6: =_xlfn.IFNA(IF(N$3="Productivity", INDEX('Productivity Dump'!$E$4:$AJ$500, MATCH($A6,'Productivity Dump'!$A$4:$A$500,0), MATCH(N$2,'Productivity Dump'!$E$3:$AJ$3,0) ), IF(N$3="Attendance", INDEX('Attendance Dump'!$E$2:$AI$400, MATCH($A6,'Attendance Dump'!$B$2:$B$400,0), MATCH(N$2,'Attendance Dump'!$E$1:$AI$1,0) ), INDEX('Active Hour''s Dump'!$D$3:$AH$337, MATCH($C6,'Active Hour''s Dump'!$A$3:$A$337,0), MATCH(N$2,'Active Hour''s Dump'!$D$2:$AH$2,0) ))),"") -> 1202.613 | O6: =_xlfn.IFNA(IF(O$3="Productivity", INDEX('Productivity Dump'!$E$4:$AJ$500, MATCH($A6,'Productivity Dump'!$A$4:$A$500,0), MATCH(O$2,'Productivity Dump'!$E$3:$AJ$3,0) ), IF(O$3="Attendance", INDEX('Attendance Dump'!$E$2:$AI$400, MATCH($A6,'Attendance Dump'!$B$2:$B$400,0), MATCH(O$2,'Attendance Dump'!$E$1:$AI$1,0) ), INDEX('Active Hour''s Dump'!$D$3:$AH$337, MATCH($C6,'Active Hour''s Dump'!$A$3:$A$337,0), MATCH(O$2,'Active Hour''s Dump'!$D$2:$AH$2,0) ))),"") -> P | ... CV6: =_xlfn.IFNA(IF(CV$3="Productivity", INDEX('Productivity Dump'!$E$4:$AJ$500, MATCH($A6,'Productivity Dump'!$A$4:$A$500,0), MATCH(CV$2,'Productivity Dump'!$E$3:$AJ$3,0) ), IF(CV$3="Attendance", INDEX('Attendance Dump'!$E$2:$AI$400, MATCH($A6,'Attendance Dump'!$B$2:$B$400,0), MATCH(CV$2,'Attendance Dump'!$E$1:$AI$1,0) ), INDEX('Active Hour''s Dump'!$D$3:$AH$337, MATCH($C6,'Active Hour''s Dump'!$A$3:$A$337,0), MATCH(CV$2,'Active Hour''s Dump'!$D$2:$AH$2,0) ))),"") -> 0 | DA6: =SUMIFS($H6:$CY6,$H$3:$CY$3,"Active Hours") -> 224.33333 | DB6: =SUMIFS($H6:$CY6,$H$3:$CY$3,"Productivity") -> 33703.774 | DC6: =MAX(0,E6-DB6) -> 0 | DD6: =IFERROR(MAX(0,DC6/$DC$2),DC6) -> 0 | DF6: {=SUMPRODUCT( (MOD(COLUMN(H6:CV6) - COLUMN(H6), 3) = 0) * (H6:CV6 = 0) * (I6:CW6 = "P") * (COUNTIF(UKHoliday, H$2:CV$2) = 0) )} -> 0 | DG6: {=SUMPRODUCT( (MOD(COLUMN(H6:CV6) - COLUMN(H6), 3) = 0) * (H6:CV6 > 0) * (H6:CV6 < 0.5 * IF(((WEEKDAY(H$2:CV$2, 2) = 1) + (WEEKDAY(H$2:CV$2, 2) = 6)), G6, F6)) * (I6:CW6 = "P") * (COUNTIF(UKHoliday, H$2:CV$2) = 0) )} -> 0 | DH6: {=SUMPRODUCT( (MOD(COLUMN(H6:CV6) - COLUMN(H6), 3) = 0) * (H6:CV6 > 0.5 * IF(((WEEKDAY(H$2:CV$2, 2) = 1) + (WEEKDAY(H$2:CV$2, 2) = 6)), $G6, $F6)) * (H6:CV6 < 0.8 * IF(((WEEKDAY(H$2:CV$2, 2) = 1) + (WEEKDAY(H$2:CV$2, 2) = 6)), $G6, $F6)) * (I6:CW6 = "P") * (COUNTIF(UKHoliday, H$2:CV$2) = 0) )} -> 0 | DI6: {=SUMPRODUCT( (MOD(COLUMN(H6:CV6) - COLUMN(H6), 3) = 0) * (H6:CV6 > 0.8 * IF(((WEEKDAY(H$2:CV$2, 2) = 1) + (WEEKDAY(H$2:CV$2, 2) = 6)), $G6, $F6)) * (H6:CV6 < 1 * IF(((WEEKDAY(H$2:CV$2, 2) = 1) + (WEEKDAY(H$2:CV$2, 2) = 6)), $G6, $F6)) * (I6:CW6 = "P") * (COUNTIF(UKHoliday, H$2:CV$2) = 0) )} -> 3
A7: BOI9938 | B7: Santosh Venkatesh.G | C7: Sant9938 | D7: Hiren Patel | E7: 24000 | F7: =E7/$C$1 -> 1200 | G7: =F7*0.5 -> 600 | H7: =_xlfn.IFNA(IF(H$3="Productivity", INDEX('Productivity Dump'!$E$4:$AJ$500, MATCH($A7,'Productivity Dump'!$A$4:$A$500,0), MATCH(H$2,'Productivity Dump'!$E$3:$AJ$3,0) ), IF(H$3="Attendance", INDEX('Attendance Dump'!$E$2:$AI$400, MATCH($A7,'Attendance Dump'!$B$2:$B$400,0), MATCH(H$2,'Attendance Dump'!$E$1:$AI$1,0) ), INDEX('Active Hour''s Dump'!$D$3:$AH$337, MATCH($C7,'Active Hour''s Dump'!$A$3:$A$337,0), MATCH(H$2,'Active Hour''s Dump'!$D$2:$AH$2,0) ))),"") -> 1394.809 | I7: =_xlfn.IFNA(IF(I$3="Productivity", INDEX('Productivity Dump'!$E$4:$AJ$500, MATCH($A7,'Productivity Dump'!$A$4:$A$500,0), MATCH(I$2,'Productivity Dump'!$E$3:$AJ$3,0) ), IF(I$3="Attendance", INDEX('Attendance Dump'!$E$2:$AI$400, MATCH($A7,'Attendance Dump'!$B$2:$B$400,0), MATCH(I$2,'Attendance Dump'!$E$1:$AI$1,0) ), INDEX('Active Hour''s Dump'!$D$3:$AH$337, MATCH($C7,'Active Hour''s Dump'!$A$3:$A$337,0), MATCH(I$2,'Active Hour''s Dump'!$D$2:$AH$2,0) ))),"") -> P | J7: =_xlfn.IFNA(IF(J$3="Productivity", INDEX('Productivity Dump'!$E$4:$AJ$500, MATCH($A7,'Productivity Dump'!$A$4:$A$500,0), MATCH(J$2,'Productivity Dump'!$E$3:$AJ$3,0) ), IF(J$3="Attendance", INDEX('Attendance Dump'!$E$2:$AI$400, MATCH($A7,'Attendance Dump'!$B$2:$B$400,0), MATCH(J$2,'Attendance Dump'!$E$1:$AI$1,0) ), INDEX('Active Hour''s Dump'!$D$3:$AH$337, MATCH($C7,'Active Hour''s Dump'!$A$3:$A$337,0), MATCH(J$2,'Active Hour''s Dump'!$D$2:$AH$2,0) ))),"") -> 10.416667 | K7: =_xlfn.IFNA(IF(K$3="Productivity", INDEX('Productivity Dump'!$E$4:$AJ$500, MATCH($A7,'Productivity Dump'!$A$4:$A$500,0), MATCH(K$2,'Productivity Dump'!$E$3:$AJ$3,0) ), IF(K$3="Attendance", INDEX('Attendance Dump'!$E$2:$AI$400, MATCH($A7,'Attendance Dump'!$B$2:$B$400,0), MATCH(K$2,'Attendance Dump'!$E$1:$AI$1,0) ), INDEX('Active Hour''s Dump'!$D$3:$AH$337, MATCH($C7,'Active Hour''s Dump'!$A$3:$A$337,0), MATCH(K$2,'Active Hour''s Dump'!$D$2:$AH$2,0) ))),"") -> 1403.426 | L7: =_xlfn.IFNA(IF(L$3="Productivity", INDEX('Productivity Dump'!$E$4:$AJ$500, MATCH($A7,'Productivity Dump'!$A$4:$A$500,0), MATCH(L$2,'Productivity Dump'!$E$3:$AJ$3,0) ), IF(L$3="Attendance", INDEX('Attendance Dump'!$E$2:$AI$400, MATCH($A7,'Attendance Dump'!$B$2:$B$400,0), MATCH(L$2,'Attendance Dump'!$E$1:$AI$1,0) ), INDEX('Active Hour''s Dump'!$D$3:$AH$337, MATCH($C7,'Active Hour''s Dump'!$A$3:$A$337,0), MATCH(L$2,'Active Hour''s Dump'!$D$2:$AH$2,0) ))),"") -> P | M7: =_xlfn.IFNA(IF(M$3="Productivity", INDEX('Productivity Dump'!$E$4:$AJ$500, MATCH($A7,'Productivity Dump'!$A$4:$A$500,0), MATCH(M$2,'Productivity Dump'!$E$3:$AJ$3,0) ), IF(M$3="Attendance", INDEX('Attendance Dump'!$E$2:$AI$400, MATCH($A7,'Attendance Dump'!$B$2:$B$400,0), MATCH(M$2,'Attendance Dump'!$E$1:$AI$1,0) ), INDEX('Active Hour''s Dump'!$D$3:$AH$337, MATCH($C7,'Active Hour''s Dump'!$A$3:$A$337,0), MATCH(M$2,'Active Hour''s Dump'!$D$2:$AH$2,0) ))),"") -> 11 | N7: =_xlfn.IFNA(IF(N$3="Productivity", INDEX('Productivity Dump'!$E$4:$AJ$500, MATCH($A7,'Productivity Dump'!$A$4:$A$500,0), MATCH(N$2,'Productivity Dump'!$E$3:$AJ$3,0) ), IF(N$3="Attendance", INDEX('Attendance Dump'!$E$2:$AI$400, MATCH($A7,'Attendance Dump'!$B$2:$B$400,0), MATCH(N$2,'Attendance Dump'!$E$1:$AI$1,0) ), INDEX('Active Hour''s Dump'!$D$3:$AH$337, MATCH($C7,'Active Hour''s Dump'!$A$3:$A$337,0), MATCH(N$2,'Active Hour''s Dump'!$D$2:$AH$2,0) ))),"") -> 533.018 | O7: =_xlfn.IFNA(IF(O$3="Productivity", INDEX('Productivity Dump'!$E$4:$AJ$500, MATCH($A7,'Productivity Dump'!$A$4:$A$500,0), MATCH(O$2,'Productivity Dump'!$E$3:$AJ$3,0) ), IF(O$3="Attendance", INDEX('Attendance Dump'!$E$2:$AI$400, MATCH($A7,'Attendance Dump'!$B$2:$B$400,0), MATCH(O$2,'Attendance Dump'!$E$1:$AI$1,0) ), INDEX('Active Hour''s Dump'!$D$3:$AH$337, MATCH($C7,'Active Hour''s Dump'!$A$3:$A$337,0), MATCH(O$2,'Active Hour''s Dump'!$D$2:$AH$2,0) ))),"") -> P | ... CV7: =_xlfn.IFNA(IF(CV$3="Productivity", INDEX('Productivity Dump'!$E$4:$AJ$500, MATCH($A7,'Productivity Dump'!$A$4:$A$500,0), MATCH(CV$2,'Productivity Dump'!$E$3:$AJ$3,0) ), IF(CV$3="Attendance", INDEX('Attendance Dump'!$E$2:$AI$400, MATCH($A7,'Attendance Dump'!$B$2:$B$400,0), MATCH(CV$2,'Attendance Dump'!$E$1:$AI$1,0) ), INDEX('Active Hour''s Dump'!$D$3:$AH$337, MATCH($C7,'Active Hour''s Dump'!$A$3:$A$337,0), MATCH(CV$2,'Active Hour''s Dump'!$D$2:$AH$2,0) ))),"") -> 0 | DA7: =SUMIFS($H7:$CY7,$H$3:$CY$3,"Active Hours") -> 184.16667 | DB7: =SUMIFS($H7:$CY7,$H$3:$CY$3,"Productivity") -> 24786.408 | DC7: =MAX(0,E7-DB7) -> 0 | DD7: =IFERROR(MAX(0,DC7/$DC$2),DC7) -> 0 | DF7: {=SUMPRODUCT( (MOD(COLUMN(H7:CV7) - COLUMN(H7), 3) = 0) * (H7:CV7 = 0) * (I7:CW7 = "P") * (COUNTIF(UKHoliday, H$2:CV$2) = 0) )} -> 0 | DG7: {=SUMPRODUCT( (MOD(COLUMN(H7:CV7) - COLUMN(H7), 3) = 0) * (H7:CV7 > 0) * (H7:CV7 < 0.5 * IF(((WEEKDAY(H$2:CV$2, 2) = 1) + (WEEKDAY(H$2:CV$2, 2) = 6)), G7, F7)) * (I7:CW7 = "P") * (COUNTIF(UKHoliday, H$2:CV$2) = 0) )} -> 0 | DH7: {=SUMPRODUCT( (MOD(COLUMN(H7:CV7) - COLUMN(H7), 3) = 0) * (H7:CV7 > 0.5 * IF(((WEEKDAY(H$2:CV$2, 2) = 1) + (WEEKDAY(H$2:CV$2, 2) = 6)), $G7, $F7)) * (H7:CV7 < 0.8 * IF(((WEEKDAY(H$2:CV$2, 2) = 1) + (WEEKDAY(H$2:CV$2, 2) = 6)), $G7, $F7)) * (I7:CW7 = "P") * (COUNTIF(UKHoliday, H$2:CV$2) = 0) )} -> 1 | DI7: {=SUMPRODUCT( (MOD(COLUMN(H7:CV7) - COLUMN(H7), 3) = 0) * (H7:CV7 > 0.8 * IF(((WEEKDAY(H$2:CV$2, 2) = 1) + (WEEKDAY(H$2:CV$2, 2) = 6)), $G7, $F7)) * (H7:CV7 < 1 * IF(((WEEKDAY(H$2:CV$2, 2) = 1) + (WEEKDAY(H$2:CV$2, 2) = 6)), $G7, $F7)) * (I7:CW7 = "P") * (COUNTIF(UKHoliday, H$2:CV$2) = 0) )} -> 1
A8: BOI8442 | B8: Fatima Zohra | C8: Fati8442 | D8: Prashanth | E8: 18600 | F8: =E8/$C$1 -> 930 | G8: =F8*0.5 -> 465 | H8: =_xlfn.IFNA(IF(H$3="Productivity", INDEX('Productivity Dump'!$E$4:$AJ$500, MATCH($A8,'Productivity Dump'!$A$4:$A$500,0), MATCH(H$2,'Productivity Dump'!$E$3:$AJ$3,0) ), IF(H$3="Attendance", INDEX('Attendance Dump'!$E$2:$AI$400, MATCH($A8,'Attendance Dump'!$B$2:$B$400,0), MATCH(H$2,'Attendance Dump'!$E$1:$AI$1,0) ), INDEX('Active Hour''s Dump'!$D$3:$AH$337, MATCH($C8,'Active Hour''s Dump'!$A$3:$A$337,0), MATCH(H$2,'Active Hour''s Dump'!$D$2:$AH$2,0) ))),"") -> 821.887 | I8: =_xlfn.IFNA(IF(I$3="Productivity", INDEX('Productivity Dump'!$E$4:$AJ$500, MATCH($A8,'Productivity Dump'!$A$4:$A$500,0), MATCH(I$2,'Productivity Dump'!$E$3:$AJ$3,0) ), IF(I$3="Attendance", INDEX('Attendance Dump'!$E$2:$AI$400, MATCH($A8,'Attendance Dump'!$B$2:$B$400,0), MATCH(I$2,'Attendance Dump'!$E$1:$AI$1,0) ), INDEX('Active Hour''s Dump'!$D$3:$AH$337, MATCH($C8,'Active Hour''s Dump'!$A$3:$A$337,0), MATCH(I$2,'Active Hour''s Dump'!$D$2:$AH$2,0) ))),"") -> P | J8: =_xlfn.IFNA(IF(J$3="Productivity", INDEX('Productivity Dump'!$E$4:$AJ$500, MATCH($A8,'Productivity Dump'!$A$4:$A$500,0), MATCH(J$2,'Productivity Dump'!$E$3:$AJ$3,0) ), IF(J$3="Attendance", INDEX('Attendance Dump'!$E$2:$AI$400, MATCH($A8,'Attendance Dump'!$B$2:$B$400,0), MATCH(J$2,'Attendance Dump'!$E$1:$AI$1,0) ), INDEX('Active Hour''s Dump'!$D$3:$AH$337, MATCH($C8,'Active Hour''s Dump'!$A$3:$A$337,0), MATCH(J$2,'Active Hour''s Dump'!$D$2:$AH$2,0) ))),"") -> 5.5 | K8: =_xlfn.IFNA(IF(K$3="Productivity", INDEX('Productivity Dump'!$E$4:$AJ$500, MATCH($A8,'Productivity Dump'!$A$4:$A$500,0), MATCH(K$2,'Productivity Dump'!$E$3:$AJ$3,0) ), IF(K$3="Attendance", INDEX('Attendance Dump'!$E$2:$AI$400, MATCH($A8,'Attendance Dump'!$B$2:$B$400,0), MATCH(K$2,'Attendance Dump'!$E$1:$AI$1,0) ), INDEX('Active Hour''s Dump'!$D$3:$AH$337, MATCH($C8,'Active Hour''s Dump'!$A$3:$A$337,0), MATCH(K$2,'Active Hour''s Dump'!$D$2:$AH$2,0) ))),"") -> 831.475 | L8: =_xlfn.IFNA(IF(L$3="Productivity", INDEX('Productivity Dump'!$E$4:$AJ$500, MATCH($A8,'Productivity Dump'!$A$4:$A$500,0), MATCH(L$2,'Productivity Dump'!$E$3:$AJ$3,0) ), IF(L$3="Attendance", INDEX('Attendance Dump'!$E$2:$AI$400, MATCH($A8,'Attendance Dump'!$B$2:$B$400,0), MATCH(L$2,'Attendance Dump'!$E$1:$AI$1,0) ), INDEX('Active Hour''s Dump'!$D$3:$AH$337, MATCH($C8,'Active Hour''s Dump'!$A$3:$A$337,0), MATCH(L$2,'Active Hour''s Dump'!$D$2:$AH$2,0) ))),"") -> P | M8: =_xlfn.IFNA(IF(M$3="Productivity", INDEX('Productivity Dump'!$E$4:$AJ$500, MATCH($A8,'Productivity Dump'!$A$4:$A$500,0), MATCH(M$2,'Productivity Dump'!$E$3:$AJ$3,0) ), IF(M$3="Attendance", INDEX('Attendance Dump'!$E$2:$AI$400, MATCH($A8,'Attendance Dump'!$B$2:$B$400,0), MATCH(M$2,'Attendance Dump'!$E$1:$AI$1,0) ), INDEX('Active Hour''s Dump'!$D$3:$AH$337, MATCH($C8,'Active Hour''s Dump'!$A$3:$A$337,0), MATCH(M$2,'Active Hour''s Dump'!$D$2:$AH$2,0) ))),"") -> 7 | N8: =_xlfn.IFNA(IF(N$3="Productivity", INDEX('Productivity Dump'!$E$4:$AJ$500, MATCH($A8,'Productivity Dump'!$A$4:$A$500,0), MATCH(N$2,'Productivity Dump'!$E$3:$AJ$3,0) ), IF(N$3="Attendance", INDEX('Attendance Dump'!$E$2:$AI$400, MATCH($A8,'Attendance Dump'!$B$2:$B$400,0), MATCH(N$2,'Attendance Dump'!$E$1:$AI$1,0) ), INDEX('Active Hour''s Dump'!$D$3:$AH$337, MATCH($C8,'Active Hour''s Dump'!$A$3:$A$337,0), MATCH(N$2,'Active Hour''s Dump'!$D$2:$AH$2,0) ))),"") -> 517.322 | O8: =_xlfn.IFNA(IF(O$3="Productivity", INDEX('Productivity Dump'!$E$4:$AJ$500, MATCH($A8,'Productivity Dump'!$A$4:$A$500,0), MATCH(O$2,'Productivity Dump'!$E$3:$AJ$3,0) ), IF(O$3="Attendance", INDEX('Attendance Dump'!$E$2:$AI$400, MATCH($A8,'Attendance Dump'!$B$2:$B$400,0), MATCH(O$2,'Attendance Dump'!$E$1:$AI$1,0) ), INDEX('Active Hour''s Dump'!$D$3:$AH$337, MATCH($C8,'Active Hour''s Dump'!$A$3:$A$337,0), MATCH(O$2,'Active Hour''s Dump'!$D$2:$AH$2,0) ))),"") -> P | ... CV8: =_xlfn.IFNA(IF(CV$3="Productivity", INDEX('Productivity Dump'!$E$4:$AJ$500, MATCH($A8,'Productivity Dump'!$A$4:$A$500,0), MATCH(CV$2,'Productivity Dump'!$E$3:$AJ$3,0) ), IF(CV$3="Attendance", INDEX('Attendance Dump'!$E$2:$AI$400, MATCH($A8,'Attendance Dump'!$B$2:$B$400,0), MATCH(CV$2,'Attendance Dump'!$E$1:$AI$1,0) ), INDEX('Active Hour''s Dump'!$D$3:$AH$337, MATCH($C8,'Active Hour''s Dump'!$A$3:$A$337,0), MATCH(CV$2,'Active Hour''s Dump'!$D$2:$AH$2,0) ))),"") -> 0 | DA8: =SUMIFS($H8:$CY8,$H$3:$CY$3,"Active Hours") -> 130.83333 | DB8: =SUMIFS($H8:$CY8,$H$3:$CY$3,"Productivity") -> 18613.83 | DC8: =MAX(0,E8-DB8) -> 0 | DD8: =IFERROR(MAX(0,DC8/$DC$2),DC8) -> 0 | DF8: {=SUMPRODUCT( (MOD(COLUMN(H8:CV8) - COLUMN(H8), 3) = 0) * (H8:CV8 = 0) * (I8:CW8 = "P") * (COUNTIF(UKHoliday, H$2:CV$2) = 0) )} -> 0 | DG8: {=SUMPRODUCT( (MOD(COLUMN(H8:CV8) - COLUMN(H8), 3) = 0) * (H8:CV8 > 0) * (H8:CV8 < 0.5 * IF(((WEEKDAY(H$2:CV$2, 2) = 1) + (WEEKDAY(H$2:CV$2, 2) = 6)), G8, F8)) * (I8:CW8 = "P") * (COUNTIF(UKHoliday, H$2:CV$2) = 0) )} -> 0 | DH8: {=SUMPRODUCT( (MOD(COLUMN(H8:CV8) - COLUMN(H8), 3) = 0) * (H8:CV8 > 0.5 * IF(((WEEKDAY(H$2:CV$2, 2) = 1) + (WEEKDAY(H$2:CV$2, 2) = 6)), $G8, $F8)) * (H8:CV8 < 0.8 * IF(((WEEKDAY(H$2:CV$2, 2) = 1) + (WEEKDAY(H$2:CV$2, 2) = 6)), $G8, $F8)) * (I8:CW8 = "P") * (COUNTIF(UKHoliday, H$2:CV$2) = 0) )} -> 2 | DI8: {=SUMPRODUCT( (MOD(COLUMN(H8:CV8) - COLUMN(H8), 3) = 0) * (H8:CV8 > 0.8 * IF(((WEEKDAY(H$2:CV$2, 2) = 1) + (WEEKDAY(H$2:CV$2, 2) = 6)), $G8, $F8)) * (H8:CV8 < 1 * IF(((WEEKDAY(H$2:CV$2, 2) = 1) + (WEEKDAY(H$2:CV$2, 2) = 6)), $G8, $F8)) * (I8:CW8 = "P") * (COUNTIF(UKHoliday, H$2:CV$2) = 0) )} -> 6
A9: BOI8484 | B9: R Ramkumar | C9: Ramk8484 | D9: Sunil Kumar K | E9: 37000 | F9: =E9/$C$1 -> 1850 | G9: =F9*0.5 -> 925 | H9: =_xlfn.IFNA(IF(H$3="Productivity", INDEX('Productivity Dump'!$E$4:$AJ$500, MATCH($A9,'Productivity Dump'!$A$4:$A$500,0), MATCH(H$2,'Productivity Dump'!$E$3:$AJ$3,0) ), IF(H$3="Attendance", INDEX('Attendance Dump'!$E$2:$AI$400, MATCH($A9,'Attendance Dump'!$B$2:$B$400,0), MATCH(H$2,'Attendance Dump'!$E$1:$AI$1,0) ), INDEX('Active Hour''s Dump'!$D$3:$AH$337, MATCH($C9,'Active Hour''s Dump'!$A$3:$A$337,0), MATCH(H$2,'Active Hour''s Dump'!$D$2:$AH$2,0) ))),"") -> 1718.698 | I9: =_xlfn.IFNA(IF(I$3="Productivity", INDEX('Productivity Dump'!$E$4:$AJ$500, MATCH($A9,'Productivity Dump'!$A$4:$A$500,0), MATCH(I$2,'Productivity Dump'!$E$3:$AJ$3,0) ), IF(I$3="Attendance", INDEX('Attendance Dump'!$E$2:$AI$400, MATCH($A9,'Attendance Dump'!$B$2:$B$400,0), MATCH(I$2,'Attendance Dump'!$E$1:$AI$1,0) ), INDEX('Active Hour''s Dump'!$D$3:$AH$337, MATCH($C9,'Active Hour''s Dump'!$A$3:$A$337,0), MATCH(I$2,'Active Hour''s Dump'!$D$2:$AH$2,0) ))),"") -> P | J9: =_xlfn.IFNA(IF(J$3="Productivity", INDEX('Productivity Dump'!$E$4:$AJ$500, MATCH($A9,'Productivity Dump'!$A$4:$A$500,0), MATCH(J$2,'Productivity Dump'!$E$3:$AJ$3,0) ), IF(J$3="Attendance", INDEX('Attendance Dump'!$E$2:$AI$400, MATCH($A9,'Attendance Dump'!$B$2:$B$400,0), MATCH(J$2,'Attendance Dump'!$E$1:$AI$1,0) ), INDEX('Active Hour''s Dump'!$D$3:$AH$337, MATCH($C9,'Active Hour''s Dump'!$A$3:$A$337,0), MATCH(J$2,'Active Hour''s Dump'!$D$2:$AH$2,0) ))),"") -> 11.5 | K9: =_xlfn.IFNA(IF(K$3="Productivity", INDEX('Productivity Dump'!$E$4:$AJ$500, MATCH($A9,'Productivity Dump'!$A$4:$A$500,0), MATCH(K$2,'Productivity Dump'!$E$3:$AJ$3,0) ), IF(K$3="Attendance", INDEX('Attendance Dump'!$E$2:$AI$400, MATCH($A9,'Attendance Dump'!$B$2:$B$400,0), MATCH(K$2,'Attendance Dump'!$E$1:$AI$1,0) ), INDEX('Active Hour''s Dump'!$D$3:$AH$337, MATCH($C9,'Active Hour''s Dump'!$A$3:$A$337,0), MATCH(K$2,'Active Hour''s Dump'!$D$2:$AH$2,0) ))),"") -> 1737.14 | L9: =_xlfn.IFNA(IF(L$3="Productivity", INDEX('Productivity Dump'!$E$4:$AJ$500, MATCH($A9,'Productivity Dump'!$A$4:$A$500,0), MATCH(L$2,'Productivity Dump'!$E$3:$AJ$3,0) ), IF(L$3="Attendance", INDEX('Attendance Dump'!$E$2:$AI$400, MATCH($A9,'Attendance Dump'!$B$2:$B$400,0), MATCH(L$2,'Attendance Dump'!$E$1:$AI$1,0) ), INDEX('Active Hour''s Dump'!$D$3:$AH$337, MATCH($C9,'Active Hour''s Dump'!$A$3:$A$337,0), MATCH(L$2,'Active Hour''s Dump'!$D$2:$AH$2,0) ))),"") -> P | M9: =_xlfn.IFNA(IF(M$3="Productivity", INDEX('Productivity Dump'!$E$4:$AJ$500, MATCH($A9,'Productivity Dump'!$A$4:$A$500,0), MATCH(M$2,'Productivity Dump'!$E$3:$AJ$3,0) ), IF(M$3="Attendance", INDEX('Attendance Dump'!$E$2:$AI$400, MATCH($A9,'Attendance Dump'!$B$2:$B$400,0), MATCH(M$2,'Attendance Dump'!$E$1:$AI$1,0) ), INDEX('Active Hour''s Dump'!$D$3:$AH$337, MATCH($C9,'Active Hour''s Dump'!$A$3:$A$337,0), MATCH(M$2,'Active Hour''s Dump'!$D$2:$AH$2,0) ))),"") -> 11.333333 | N9: =_xlfn.IFNA(IF(N$3="Productivity", INDEX('Productivity Dump'!$E$4:$AJ$500, MATCH($A9,'Productivity Dump'!$A$4:$A$500,0), MATCH(N$2,'Productivity Dump'!$E$3:$AJ$3,0) ), IF(N$3="Attendance", INDEX('Attendance Dump'!$E$2:$AI$400, MATCH($A9,'Attendance Dump'!$B$2:$B$400,0), MATCH(N$2,'Attendance Dump'!$E$1:$AI$1,0) ), INDEX('Active Hour''s Dump'!$D$3:$AH$337, MATCH($C9,'Active Hour''s Dump'!$A$3:$A$337,0), MATCH(N$2,'Active Hour''s Dump'!$D$2:$AH$2,0) ))),"") -> 1603.348 | O9: =_xlfn.IFNA(IF(O$3="Productivity", INDEX('Productivity Dump'!$E$4:$AJ$500, MATCH($A9,'Productivity Dump'!$A$4:$A$500,0), MATCH(O$2,'Productivity Dump'!$E$3:$AJ$3,0) ), IF(O$3="Attendance", INDEX('Attendance Dump'!$E$2:$AI$400, MATCH($A9,'Attendance Dump'!$B$2:$B$400,0), MATCH(O$2,'Attendance Dump'!$E$1:$AI$1,0) ), INDEX('Active Hour''s Dump'!$D$3:$AH$337, MATCH($C9,'Active Hour''s Dump'!$A$3:$A$337,0), MATCH(O$2,'Active Hour''s Dump'!$D$2:$AH$2,0) ))),"") -> P | ... CV9: =_xlfn.IFNA(IF(CV$3="Productivity", INDEX('Productivity Dump'!$E$4:$AJ$500, MATCH($A9,'Productivity Dump'!$A$4:$A$500,0), MATCH(CV$2,'Productivity Dump'!$E$3:$AJ$3,0) ), IF(CV$3="Attendance", INDEX('Attendance Dump'!$E$2:$AI$400, MATCH($A9,'Attendance Dump'!$B$2:$B$400,0), MATCH(CV$2,'Attendance Dump'!$E$1:$AI$1,0) ), INDEX('Active Hour''s Dump'!$D$3:$AH$337, MATCH($C9,'Active Hour''s Dump'!$A$3:$A$337,0), MATCH(CV$2,'Active Hour''s Dump'!$D$2:$AH$2,0) ))),"") -> 0 | DA9: =SUMIFS($H9:$CY9,$H$3:$CY$3,"Active Hours") -> 246.33333 | DB9: =SUMIFS($H9:$CY9,$H$3:$CY$3,"Productivity") -> 39043.708 | DC9: =MAX(0,E9-DB9) -> 0 | DD9: =IFERROR(MAX(0,DC9/$DC$2),DC9) -> 0 | DF9: {=SUMPRODUCT( (MOD(COLUMN(H9:CV9) - COLUMN(H9), 3) = 0) * (H9:CV9 = 0) * (I9:CW9 = "P") * (COUNTIF(UKHoliday, H$2:CV$2) = 0) )} -> 0 | DG9: {=SUMPRODUCT( (MOD(COLUMN(H9:CV9) - COLUMN(H9), 3) = 0) * (H9:CV9 > 0) * (H9:CV9 < 0.5 * IF(((WEEKDAY(H$2:CV$2, 2) = 1) + (WEEKDAY(H$2:CV$2, 2) = 6)), G9, F9)) * (I9:CW9 = "P") * (COUNTIF(UKHoliday, H$2:CV$2) = 0) )} -> 0 | DH9: {=SUMPRODUCT( (MOD(COLUMN(H9:CV9) - COLUMN(H9), 3) = 0) * (H9:CV9 > 0.5 * IF(((WEEKDAY(H$2:CV$2, 2) = 1) + (WEEKDAY(H$2:CV$2, 2) = 6)), $G9, $F9)) * (H9:CV9 < 0.8 * IF(((WEEKDAY(H$2:CV$2, 2) = 1) + (WEEKDAY(H$2:CV$2, 2) = 6)), $G9, $F9)) * (I9:CW9 = "P") * (COUNTIF(UKHoliday, H$2:CV$2) = 0) )} -> 1 | DI9: {=SUMPRODUCT( (MOD(COLUMN(H9:CV9) - COLUMN(H9), 3) = 0) * (H9:CV9 > 0.8 * IF(((WEEKDAY(H$2:CV$2, 2) = 1) + (WEEKDAY(H$2:CV$2, 2) = 6)), $G9, $F9)) * (H9:CV9 < 1 * IF(((WEEKDAY(H$2:CV$2, 2) = 1) + (WEEKDAY(H$2:CV$2, 2) = 6)), $G9, $F9)) * (I9:CW9 = "P") * (COUNTIF(UKHoliday, H$2:CV$2) = 0) )} -> 15
A10: BOI8502 | B10: Tanveer.A | C10: Tanv8502 | D10: Sunil Kumar K | E10: 31441 | F10: =E10/$C$1 -> 1572.05 | G10: =F10*0.5 -> 786.025 | H10: =_xlfn.IFNA(IF(H$3="Productivity", INDEX('Productivity Dump'!$E$4:$AJ$500, MATCH($A10,'Productivity Dump'!$A$4:$A$500,0), MATCH(H$2,'Productivity Dump'!$E$3:$AJ$3,0) ), IF(H$3="Attendance", INDEX('Attendance Dump'!$E$2:$AI$400, MATCH($A10,'Attendance Dump'!$B$2:$B$400,0), MATCH(H$2,'Attendance Dump'!$E$1:$AI$1,0) ), INDEX('Active Hour''s Dump'!$D$3:$AH$337, MATCH($C10,'Active Hour''s Dump'!$A$3:$A$337,0), MATCH(H$2,'Active Hour''s Dump'!$D$2:$AH$2,0) ))),"") -> 1594.801 | I10: =_xlfn.IFNA(IF(I$3="Productivity", INDEX('Productivity Dump'!$E$4:$AJ$500, MATCH($A10,'Productivity Dump'!$A$4:$A$500,0), MATCH(I$2,'Productivity Dump'!$E$3:$AJ$3,0) ), IF(I$3="Attendance", INDEX('Attendance Dump'!$E$2:$AI$400, MATCH($A10,'Attendance Dump'!$B$2:$B$400,0), MATCH(I$2,'Attendance Dump'!$E$1:$AI$1,0) ), INDEX('Active Hour''s Dump'!$D$3:$AH$337, MATCH($C10,'Active Hour''s Dump'!$A$3:$A$337,0), MATCH(I$2,'Active Hour''s Dump'!$D$2:$AH$2,0) ))),"") -> P | J10: =_xlfn.IFNA(IF(J$3="Productivity", INDEX('Productivity Dump'!$E$4:$AJ$500, MATCH($A10,'Productivity Dump'!$A$4:$A$500,0), MATCH(J$2,'Productivity Dump'!$E$3:$AJ$3,0) ), IF(J$3="Attendance", INDEX('Attendance Dump'!$E$2:$AI$400, MATCH($A10,'Attendance Dump'!$B$2:$B$400,0), MATCH(J$2,'Attendance Dump'!$E$1:$AI$1,0) ), INDEX('Active Hour''s Dump'!$D$3:$AH$337, MATCH($C10,'Active Hour''s Dump'!$A$3:$A$337,0), MATCH(J$2,'Active Hour''s Dump'!$D$2:$AH$2,0) ))),"") -> 11.916667 | K10: =_xlfn.IFNA(IF(K$3="Productivity", INDEX('Productivity Dump'!$E$4:$AJ$500, MATCH($A10,'Productivity Dump'!$A$4:$A$500,0), MATCH(K$2,'Productivity Dump'!$E$3:$AJ$3,0) ), IF(K$3="Attendance", INDEX('Attendance Dump'!$E$2:$AI$400, MATCH($A10,'Attendance Dump'!$B$2:$B$400,0), MATCH(K$2,'Attendance Dump'!$E$1:$AI$1,0) ), INDEX('Active Hour''s Dump'!$D$3:$AH$337, MATCH($C10,'Active Hour''s Dump'!$A$3:$A$337,0), MATCH(K$2,'Active Hour''s Dump'!$D$2:$AH$2,0) ))),"") -> 1646.131 | L10: =_xlfn.IFNA(IF(L$3="Productivity", INDEX('Productivity Dump'!$E$4:$AJ$500, MATCH($A10,'Productivity Dump'!$A$4:$A$500,0), MATCH(L$2,'Productivity Dump'!$E$3:$AJ$3,0) ), IF(L$3="Attendance", INDEX('Attendance Dump'!$E$2:$AI$400, MATCH($A10,'Attendance Dump'!$B$2:$B$400,0), MATCH(L$2,'Attendance Dump'!$E$1:$AI$1,0) ), INDEX('Active Hour''s Dump'!$D$3:$AH$337, MATCH($C10,'Active Hour''s Dump'!$A$3:$A$337,0), MATCH(L$2,'Active Hour''s Dump'!$D$2:$AH$2,0) ))),"") -> P | M10: =_xlfn.IFNA(IF(M$3="Productivity", INDEX('Productivity Dump'!$E$4:$AJ$500, MATCH($A10,'Productivity Dump'!$A$4:$A$500,0), MATCH(M$2,'Productivity Dump'!$E$3:$AJ$3,0) ), IF(M$3="Attendance", INDEX('Attendance Dump'!$E$2:$AI$400, MATCH($A10,'Attendance Dump'!$B$2:$B$400,0), MATCH(M$2,'Attendance Dump'!$E$1:$AI$1,0) ), INDEX('Active Hour''s Dump'!$D$3:$AH$337, MATCH($C10,'Active Hour''s Dump'!$A$3:$A$337,0), MATCH(M$2,'Active Hour''s Dump'!$D$2:$AH$2,0) ))),"") -> 12 | N10: =_xlfn.IFNA(IF(N$3="Productivity", INDEX('Productivity Dump'!$E$4:$AJ$500, MATCH($A10,'Productivity Dump'!$A$4:$A$500,0), MATCH(N$2,'Productivity Dump'!$E$3:$AJ$3,0) ), IF(N$3="Attendance", INDEX('Attendance Dump'!$E$2:$AI$400, MATCH($A10,'Attendance Dump'!$B$2:$B$400,0), MATCH(N$2,'Attendance Dump'!$E$1:$AI$1,0) ), INDEX('Active Hour''s Dump'!$D$3:$AH$337, MATCH($C10,'Active Hour''s Dump'!$A$3:$A$337,0), MATCH(N$2,'Active Hour''s Dump'!$D$2:$AH$2,0) ))),"") -> 1513.491 | O10: =_xlfn.IFNA(IF(O$3="Productivity", INDEX('Productivity Dump'!$E$4:$AJ$500, MATCH($A10,'Productivity Dump'!$A$4:$A$500,0), MATCH(O$2,'Productivity Dump'!$E$3:$AJ$3,0) ), IF(O$3="Attendance", INDEX('Attendance Dump'!$E$2:$AI$400, MATCH($A10,'Attendance Dump'!$B$2:$B$400,0), MATCH(O$2,'Attendance Dump'!$E$1:$AI$1,0) ), INDEX('Active Hour''s Dump'!$D$3:$AH$337, MATCH($C10,'Active Hour''s Dump'!$A$3:$A$337,0), MATCH(O$2,'Active Hour''s Dump'!$D$2:$AH$2,0) ))),"") -> P | ... CV10: =_xlfn.IFNA(IF(CV$3="Productivity", INDEX('Productivity Dump'!$E$4:$AJ$500, MATCH($A10,'Productivity Dump'!$A$4:$A$500,0), MATCH(CV$2,'Productivity Dump'!$E$3:$AJ$3,0) ), IF(CV$3="Attendance", INDEX('Attendance Dump'!$E$2:$AI$400, MATCH($A10,'Attendance Dump'!$B$2:$B$400,0), MATCH(CV$2,'Attendance Dump'!$E$1:$AI$1,0) ), INDEX('Active Hour''s Dump'!$D$3:$AH$337, MATCH($C10,'Active Hour''s Dump'!$A$3:$A$337,0), MATCH(CV$2,'Active Hour''s Dump'!$D$2:$AH$2,0) ))),"") -> 0 | DA10: =SUMIFS($H10:$CY10,$H$3:$CY$3,"Active Hours") -> 253.75 | DB10: =SUMIFS($H10:$CY10,$H$3:$CY$3,"Productivity") -> 33918.655 | DC10: =MAX(0,E10-DB10) -> 0 | DD10: =IFERROR(MAX(0,DC10/$DC$2),DC10) -> 0 | DF10: {=SUMPRODUCT( (MOD(COLUMN(H10:CV10) - COLUMN(H10), 3) = 0) * (H10:CV10 = 0) * (I10:CW10 = "P") * (COUNTIF(UKHoliday, H$2:CV$2) = 0) )} -> 0 | DG10: {=SUMPRODUCT( (MOD(COLUMN(H10:CV10) - COLUMN(H10), 3) = 0) * (H10:CV10 > 0) * (H10:CV10 < 0.5 * IF(((WEEKDAY(H$2:CV$2, 2) = 1) + (WEEKDAY(H$2:CV$2, 2) = 6)), G10, F10)) * (I10:CW10 = "P") * (COUNTIF(UKHoliday, H$2:CV$2) = 0) )} -> 0 | DH10: {=SUMPRODUCT( (MOD(COLUMN(H10:CV10) - COLUMN(H10), 3) = 0) * (H10:CV10 > 0.5 * IF(((WEEKDAY(H$2:CV$2, 2) = 1) + (WEEKDAY(H$2:CV$2, 2) = 6)), $G10, $F10)) * (H10:CV10 < 0.8 * IF(((WEEKDAY(H$2:CV$2, 2) = 1) + (WEEKDAY(H$2:CV$2, 2) = 6)), $G10, $F10)) * (I10:CW10 = "P") * (COUNTIF(UKHoliday, H$2:CV$2) = 0) )} -> 1 | DI10: {=SUMPRODUCT( (MOD(COLUMN(H10:CV10) - COLUMN(H10), 3) = 0) * (H10:CV10 > 0.8 * IF(((WEEKDAY(H$2:CV$2, 2) = 1) + (WEEKDAY(H$2:CV$2, 2) = 6)), $G10, $F10)) * (H10:CV10 < 1 * IF(((WEEKDAY(H$2:CV$2, 2) = 1) + (WEEKDAY(H$2:CV$2, 2) = 6)), $G10, $F10)) * (I10:CW10 = "P") * (COUNTIF(UKHoliday, H$2:CV$2) = 0) )} -> 8
A11: BOI8568 | B11: Prasanna chelakumari | C11: Pras8568 | D11: Ranjith M | E11: 19800 | F11: =E11/$C$1 -> 990 | G11: =F11*0.5 -> 495 | H11: =_xlfn.IFNA(IF(H$3="Productivity", INDEX('Productivity Dump'!$E$4:$AJ$500, MATCH($A11,'Productivity Dump'!$A$4:$A$500,0), MATCH(H$2,'Productivity Dump'!$E$3:$AJ$3,0) ), IF(H$3="Attendance", INDEX('Attendance Dump'!$E$2:$AI$400, MATCH($A11,'Attendance Dump'!$B$2:$B$400,0), MATCH(H$2,'Attendance Dump'!$E$1:$AI$1,0) ), INDEX('Active Hour''s Dump'!$D$3:$AH$337, MATCH($C11,'Active Hour''s Dump'!$A$3:$A$337,0), MATCH(H$2,'Active Hour''s Dump'!$D$2:$AH$2,0) ))),"") -> 1012.062 | I11: =_xlfn.IFNA(IF(I$3="Productivity", INDEX('Productivity Dump'!$E$4:$AJ$500, MATCH($A11,'Productivity Dump'!$A$4:$A$500,0), MATCH(I$2,'Productivity Dump'!$E$3:$AJ$3,0) ), IF(I$3="Attendance", INDEX('Attendance Dump'!$E$2:$AI$400, MATCH($A11,'Attendance Dump'!$B$2:$B$400,0), MATCH(I$2,'Attendance Dump'!$E$1:$AI$1,0) ), INDEX('Active Hour''s Dump'!$D$3:$AH$337, MATCH($C11,'Active Hour''s Dump'!$A$3:$A$337,0), MATCH(I$2,'Active Hour''s Dump'!$D$2:$AH$2,0) ))),"") -> P | J11: =_xlfn.IFNA(IF(J$3="Productivity", INDEX('Productivity Dump'!$E$4:$AJ$500, MATCH($A11,'Productivity Dump'!$A$4:$A$500,0), MATCH(J$2,'Productivity Dump'!$E$3:$AJ$3,0) ), IF(J$3="Attendance", INDEX('Attendance Dump'!$E$2:$AI$400, MATCH($A11,'Attendance Dump'!$B$2:$B$400,0), MATCH(J$2,'Attendance Dump'!$E$1:$AI$1,0) ), INDEX('Active Hour''s Dump'!$D$3:$AH$337, MATCH($C11,'Active Hour''s Dump'!$A$3:$A$337,0), MATCH(J$2,'Active Hour''s Dump'!$D$2:$AH$2,0) ))),"") -> 9.5833333 | K11: =_xlfn.IFNA(IF(K$3="Productivity", INDEX('Productivity Dump'!$E$4:$AJ$500, MATCH($A11,'Productivity Dump'!$A$4:$A$500,0), MATCH(K$2,'Productivity Dump'!$E$3:$AJ$3,0) ), IF(K$3="Attendance", INDEX('Attendance Dump'!$E$2:$AI$400, MATCH($A11,'Attendance Dump'!$B$2:$B$400,0), MATCH(K$2,'Attendance Dump'!$E$1:$AI$1,0) ), INDEX('Active Hour''s Dump'!$D$3:$AH$337, MATCH($C11,'Active Hour''s Dump'!$A$3:$A$337,0), MATCH(K$2,'Active Hour''s Dump'!$D$2:$AH$2,0) ))),"") -> 1007.279 | L11: =_xlfn.IFNA(IF(L$3="Productivity", INDEX('Productivity Dump'!$E$4:$AJ$500, MATCH($A11,'Productivity Dump'!$A$4:$A$500,0), MATCH(L$2,'Productivity Dump'!$E$3:$AJ$3,0) ), IF(L$3="Attendance", INDEX('Attendance Dump'!$E$2:$AI$400, MATCH($A11,'Attendance Dump'!$B$2:$B$400,0), MATCH(L$2,'Attendance Dump'!$E$1:$AI$1,0) ), INDEX('Active Hour''s Dump'!$D$3:$AH$337, MATCH($C11,'Active Hour''s Dump'!$A$3:$A$337,0), MATCH(L$2,'Active Hour''s Dump'!$D$2:$AH$2,0) ))),"") -> P | M11: =_xlfn.IFNA(IF(M$3="Productivity", INDEX('Productivity Dump'!$E$4:$AJ$500, MATCH($A11,'Productivity Dump'!$A$4:$A$500,0), MATCH(M$2,'Productivity Dump'!$E$3:$AJ$3,0) ), IF(M$3="Attendance", INDEX('Attendance Dump'!$E$2:$AI$400, MATCH($A11,'Attendance Dump'!$B$2:$B$400,0), MATCH(M$2,'Attendance Dump'!$E$1:$AI$1,0) ), INDEX('Active Hour''s Dump'!$D$3:$AH$337, MATCH($C11,'Active Hour''s Dump'!$A$3:$A$337,0), MATCH(M$2,'Active Hour''s Dump'!$D$2:$AH$2,0) ))),"") -> 9.25 | N11: =_xlfn.IFNA(IF(N$3="Productivity", INDEX('Productivity Dump'!$E$4:$AJ$500, MATCH($A11,'Productivity Dump'!$A$4:$A$500,0), MATCH(N$2,'Productivity Dump'!$E$3:$AJ$3,0) ), IF(N$3="Attendance", INDEX('Attendance Dump'!$E$2:$AI$400, MATCH($A11,'Attendance Dump'!$B$2:$B$400,0), MATCH(N$2,'Attendance Dump'!$E$1:$AI$1,0) ), INDEX('Active Hour''s Dump'!$D$3:$AH$337, MATCH($C11,'Active Hour''s Dump'!$A$3:$A$337,0), MATCH(N$2,'Active Hour''s Dump'!$D$2:$AH$2,0) ))),"") -> 804.43 | O11: =_xlfn.IFNA(IF(O$3="Productivity", INDEX('Productivity Dump'!$E$4:$AJ$500, MATCH($A11,'Productivity Dump'!$A$4:$A$500,0), MATCH(O$2,'Productivity Dump'!$E$3:$AJ$3,0) ), IF(O$3="Attendance", INDEX('Attendance Dump'!$E$2:$AI$400, MATCH($A11,'Attendance Dump'!$B$2:$B$400,0), MATCH(O$2,'Attendance Dump'!$E$1:$AI$1,0) ), INDEX('Active Hour''s Dump'!$D$3:$AH$337, MATCH($C11,'Active Hour''s Dump'!$A$3:$A$337,0), MATCH(O$2,'Active Hour''s Dump'!$D$2:$AH$2,0) ))),"") -> P | ... CV11: =_xlfn.IFNA(IF(CV$3="Productivity", INDEX('Productivity Dump'!$E$4:$AJ$500, MATCH($A11,'Productivity Dump'!$A$4:$A$500,0), MATCH(CV$2,'Productivity Dump'!$E$3:$AJ$3,0) ), IF(CV$3="Attendance", INDEX('Attendance Dump'!$E$2:$AI$400, MATCH($A11,'Attendance Dump'!$B$2:$B$400,0), MATCH(CV$2,'Attendance Dump'!$E$1:$AI$1,0) ), INDEX('Active Hour''s Dump'!$D$3:$AH$337, MATCH($C11,'Active Hour''s Dump'!$A$3:$A$337,0), MATCH(CV$2,'Active Hour''s Dump'!$D$2:$AH$2,0) ))),"") -> 0 | DA11: =SUMIFS($H11:$CY11,$H$3:$CY$3,"Active Hours") -> 187.58333 | DB11: =SUMIFS($H11:$CY11,$H$3:$CY$3,"Productivity") -> 20191.372 | DC11: =MAX(0,E11-DB11) -> 0 | DD11: =IFERROR(MAX(0,DC11/$DC$2),DC11) -> 0 | DF11: {=SUMPRODUCT( (MOD(COLUMN(H11:CV11) - COLUMN(H11), 3) = 0) * (H11:CV11 = 0) * (I11:CW11 = "P") * (COUNTIF(UKHoliday, H$2:CV$2) = 0) )} -> 0 | DG11: {=SUMPRODUCT( (MOD(COLUMN(H11:CV11) - COLUMN(H11), 3) = 0) * (H11:CV11 > 0) * (H11:CV11 < 0.5 * IF(((WEEKDAY(H$2:CV$2, 2) = 1) + (WEEKDAY(H$2:CV$2, 2) = 6)), G11, F11)) * (I11:CW11 = "P") * (COUNTIF(UKHoliday, H$2:CV$2) = 0) )} -> 0 | DH11: {=SUMPRODUCT( (MOD(COLUMN(H11:CV11) - COLUMN(H11), 3) = 0) * (H11:CV11 > 0.5 * IF(((WEEKDAY(H$2:CV$2, 2) = 1) + (WEEKDAY(H$2:CV$2, 2) = 6)), $G11, $F11)) * (H11:CV11 < 0.8 * IF(((WEEKDAY(H$2:CV$2, 2) = 1) + (WEEKDAY(H$2:CV$2, 2) = 6)), $G11, $F11)) * (I11:CW11 = "P") * (COUNTIF(UKHoliday, H$2:CV$2) = 0) )} -> 0 | DI11: {=SUMPRODUCT( (MOD(COLUMN(H11:CV11) - COLUMN(H11), 3) = 0) * (H11:CV11 > 0.8 * IF(((WEEKDAY(H$2:CV$2, 2) = 1) + (WEEKDAY(H$2:CV$2, 2) = 6)), $G11, $F11)) * (H11:CV11 < 1 * IF(((WEEKDAY(H$2:CV$2, 2) = 1) + (WEEKDAY(H$2:CV$2, 2) = 6)), $G11, $F11)) * (I11:CW11 = "P") * (COUNTIF(UKHoliday, H$2:CV$2) = 0) )} -> 2
A12: BOI10229 | B12: Venkatesh B | C12: Venk10229 | D12: Anil K | E12: 18600 | F12: =E12/$C$1 -> 930 | G12: =F12*0.5 -> 465 | H12: =_xlfn.IFNA(IF(H$3="Productivity", INDEX('Productivity Dump'!$E$4:$AJ$500, MATCH($A12,'Productivity Dump'!$A$4:$A$500,0), MATCH(H$2,'Productivity Dump'!$E$3:$AJ$3,0) ), IF(H$3="Attendance", INDEX('Attendance Dump'!$E$2:$AI$400, MATCH($A12,'Attendance Dump'!$B$2:$B$400,0), MATCH(H$2,'Attendance Dump'!$E$1:$AI$1,0) ), INDEX('Active Hour''s Dump'!$D$3:$AH$337, MATCH($C12,'Active Hour''s Dump'!$A$3:$A$337,0), MATCH(H$2,'Active Hour''s Dump'!$D$2:$AH$2,0) ))),"") -> 1003.077 | I12: =_xlfn.IFNA(IF(I$3="Productivity", INDEX('Productivity Dump'!$E$4:$AJ$500, MATCH($A12,'Productivity Dump'!$A$4:$A$500,0), MATCH(I$2,'Productivity Dump'!$E$3:$AJ$3,0) ), IF(I$3="Attendance", INDEX('Attendance Dump'!$E$2:$AI$400, MATCH($A12,'Attendance Dump'!$B$2:$B$400,0), MATCH(I$2,'Attendance Dump'!$E$1:$AI$1,0) ), INDEX('Active Hour''s Dump'!$D$3:$AH$337, MATCH($C12,'Active Hour''s Dump'!$A$3:$A$337,0), MATCH(I$2,'Active Hour''s Dump'!$D$2:$AH$2,0) ))),"") -> P | J12: =_xlfn.IFNA(IF(J$3="Productivity", INDEX('Productivity Dump'!$E$4:$AJ$500, MATCH($A12,'Productivity Dump'!$A$4:$A$500,0), MATCH(J$2,'Productivity Dump'!$E$3:$AJ$3,0) ), IF(J$3="Attendance", INDEX('Attendance Dump'!$E$2:$AI$400, MATCH($A12,'Attendance Dump'!$B$2:$B$400,0), MATCH(J$2,'Attendance Dump'!$E$1:$AI$1,0) ), INDEX('Active Hour''s Dump'!$D$3:$AH$337, MATCH($C12,'Active Hour''s Dump'!$A$3:$A$337,0), MATCH(J$2,'Active Hour''s Dump'!$D$2:$AH$2,0) ))),"") -> 6.9166667 | K12: =_xlfn.IFNA(IF(K$3="Productivity", INDEX('Productivity Dump'!$E$4:$AJ$500, MATCH($A12,'Productivity Dump'!$A$4:$A$500,0), MATCH(K$2,'Productivity Dump'!$E$3:$AJ$3,0) ), IF(K$3="Attendance", INDEX('Attendance Dump'!$E$2:$AI$400, MATCH($A12,'Attendance Dump'!$B$2:$B$400,0), MATCH(K$2,'Attendance Dump'!$E$1:$AI$1,0) ), INDEX('Active Hour''s Dump'!$D$3:$AH$337, MATCH($C12,'Active Hour''s Dump'!$A$3:$A$337,0), MATCH(K$2,'Active Hour''s Dump'!$D$2:$AH$2,0) ))),"") -> 1004.448 | L12: =_xlfn.IFNA(IF(L$3="Productivity", INDEX('Productivity Dump'!$E$4:$AJ$500, MATCH($A12,'Productivity Dump'!$A$4:$A$500,0), MATCH(L$2,'Productivity Dump'!$E$3:$AJ$3,0) ), IF(L$3="Attendance", INDEX('Attendance Dump'!$E$2:$AI$400, MATCH($A12,'Attendance Dump'!$B$2:$B$400,0), MATCH(L$2,'Attendance Dump'!$E$1:$AI$1,0) ), INDEX('Active Hour''s Dump'!$D$3:$AH$337, MATCH($C12,'Active Hour''s Dump'!$A$3:$A$337,0), MATCH(L$2,'Active Hour''s Dump'!$D$2:$AH$2,0) ))),"") -> P | M12: =_xlfn.IFNA(IF(M$3="Productivity", INDEX('Productivity Dump'!$E$4:$AJ$500, MATCH($A12,'Productivity Dump'!$A$4:$A$500,0), MATCH(M$2,'Productivity Dump'!$E$3:$AJ$3,0) ), IF(M$3="Attendance", INDEX('Attendance Dump'!$E$2:$AI$400, MATCH($A12,'Attendance Dump'!$B$2:$B$400,0), MATCH(M$2,'Attendance Dump'!$E$1:$AI$1,0) ), INDEX('Active Hour''s Dump'!$D$3:$AH$337, MATCH($C12,'Active Hour''s Dump'!$A$3:$A$337,0), MATCH(M$2,'Active Hour''s Dump'!$D$2:$AH$2,0) ))),"") -> 7.5 | N12: =_xlfn.IFNA(IF(N$3="Productivity", INDEX('Productivity Dump'!$E$4:$AJ$500, MATCH($A12,'Productivity Dump'!$A$4:$A$500,0), MATCH(N$2,'Productivity Dump'!$E$3:$AJ$3,0) ), IF(N$3="Attendance", INDEX('Attendance Dump'!$E$2:$AI$400, MATCH($A12,'Attendance Dump'!$B$2:$B$400,0), MATCH(N$2,'Attendance Dump'!$E$1:$AI$1,0) ), INDEX('Active Hour''s Dump'!$D$3:$AH$337, MATCH($C12,'Active Hour''s Dump'!$A$3:$A$337,0), MATCH(N$2,'Active Hour''s Dump'!$D$2:$AH$2,0) ))),"") -> 1044.441 | O12: =_xlfn.IFNA(IF(O$3="Productivity", INDEX('Productivity Dump'!$E$4:$AJ$500, MATCH($A12,'Productivity Dump'!$A$4:$A$500,0), MATCH(O$2,'Productivity Dump'!$E$3:$AJ$3,0) ), IF(O$3="Attendance", INDEX('Attendance Dump'!$E$2:$AI$400, MATCH($A12,'Attendance Dump'!$B$2:$B$400,0), MATCH(O$2,'Attendance Dump'!$E$1:$AI$1,0) ), INDEX('Active Hour''s Dump'!$D$3:$AH$337, MATCH($C12,'Active Hour''s Dump'!$A$3:$A$337,0), MATCH(O$2,'Active Hour''s Dump'!$D$2:$AH$2,0) ))),"") -> P | ... CV12: =_xlfn.IFNA(IF(CV$3="Productivity", INDEX('Productivity Dump'!$E$4:$AJ$500, MATCH($A12,'Productivity Dump'!$A$4:$A$500,0), MATCH(CV$2,'Productivity Dump'!$E$3:$AJ$3,0) ), IF(CV$3="Attendance", INDEX('Attendance Dump'!$E$2:$AI$400, MATCH($A12,'Attendance Dump'!$B$2:$B$400,0), MATCH(CV$2,'Attendance Dump'!$E$1:$AI$1,0) ), INDEX('Active Hour''s Dump'!$D$3:$AH$337, MATCH($C12,'Active Hour''s Dump'!$A$3:$A$337,0), MATCH(CV$2,'Active Hour''s Dump'!$D$2:$AH$2,0) ))),"") -> 0 | DA12: =SUMIFS($H12:$CY12,$H$3:$CY$3,"Active Hours") -> 116.5 | DB12: =SUMIFS($H12:$CY12,$H$3:$CY$3,"Productivity") -> 14353.528 | DC12: =MAX(0,E12-DB12) -> 4246.472 | DD12: =IFERROR(MAX(0,DC12/$DC$2),DC12) -> 0 | DF12: {=SUMPRODUCT( (MOD(COLUMN(H12:CV12) - COLUMN(H12), 3) = 0) * (H12:CV12 = 0) * (I12:CW12 = "P") * (COUNTIF(UKHoliday, H$2:CV$2) = 0) )} -> 0 | DG12: {=SUMPRODUCT( (MOD(COLUMN(H12:CV12) - COLUMN(H12), 3) = 0) * (H12:CV12 > 0) * (H12:CV12 < 0.5 * IF(((WEEKDAY(H$2:CV$2, 2) = 1) + (WEEKDAY(H$2:CV$2, 2) = 6)), G12, F12)) * (I12:CW12 = "P") * (COUNTIF(UKHoliday, H$2:CV$2) = 0) )} -> 0 | DH12: {=SUMPRODUCT( (MOD(COLUMN(H12:CV12) - COLUMN(H12), 3) = 0) * (H12:CV12 > 0.5 * IF(((WEEKDAY(H$2:CV$2, 2) = 1) + (WEEKDAY(H$2:CV$2, 2) = 6)), $G12, $F12)) * (H12:CV12 < 0.8 * IF(((WEEKDAY(H$2:CV$2, 2) = 1) + (WEEKDAY(H$2:CV$2, 2) = 6)), $G12, $F12)) * (I12:CW12 = "P") * (COUNTIF(UKHoliday, H$2:CV$2) = 0) )} -> 2 | DI12: {=SUMPRODUCT( (MOD(COLUMN(H12:CV12) - COLUMN(H12), 3) = 0) * (H12:CV12 > 0.8 * IF(((WEEKDAY(H$2:CV$2, 2) = 1) + (WEEKDAY(H$2:CV$2, 2) = 6)), $G12, $F12)) * (H12:CV12 < 1 * IF(((WEEKDAY(H$2:CV$2, 2) = 1) + (WEEKDAY(H$2:CV$2, 2) = 6)), $G12, $F12)) * (I12:CW12 = "P") * (COUNTIF(UKHoliday, H$2:CV$2) = 0) )} -> 4
A13: BOI8717 | B13: Jayarami Reddy M | C13: Jaya8717 | D13: Sunil Kumar K | E13: 22000 | F13: =E13/$C$1 -> 1100 | G13: =F13*0.5 -> 550 | H13: =_xlfn.IFNA(IF(H$3="Productivity", INDEX('Productivity Dump'!$E$4:$AJ$500, MATCH($A13,'Productivity Dump'!$A$4:$A$500,0), MATCH(H$2,'Productivity Dump'!$E$3:$AJ$3,0) ), IF(H$3="Attendance", INDEX('Attendance Dump'!$E$2:$AI$400, MATCH($A13,'Attendance Dump'!$B$2:$B$400,0), MATCH(H$2,'Attendance Dump'!$E$1:$AI$1,0) ), INDEX('Active Hour''s Dump'!$D$3:$AH$337, MATCH($C13,'Active Hour''s Dump'!$A$3:$A$337,0), MATCH(H$2,'Active Hour''s Dump'!$D$2:$AH$2,0) ))),"") -> 1061.596 | I13: =_xlfn.IFNA(IF(I$3="Productivity", INDEX('Productivity Dump'!$E$4:$AJ$500, MATCH($A13,'Productivity Dump'!$A$4:$A$500,0), MATCH(I$2,'Productivity Dump'!$E$3:$AJ$3,0) ), IF(I$3="Attendance", INDEX('Attendance Dump'!$E$2:$AI$400, MATCH($A13,'Attendance Dump'!$B$2:$B$400,0), MATCH(I$2,'Attendance Dump'!$E$1:$AI$1,0) ), INDEX('Active Hour''s Dump'!$D$3:$AH$337, MATCH($C13,'Active Hour''s Dump'!$A$3:$A$337,0), MATCH(I$2,'Active Hour''s Dump'!$D$2:$AH$2,0) ))),"") -> P | J13: =_xlfn.IFNA(IF(J$3="Productivity", INDEX('Productivity Dump'!$E$4:$AJ$500, MATCH($A13,'Productivity Dump'!$A$4:$A$500,0), MATCH(J$2,'Productivity Dump'!$E$3:$AJ$3,0) ), IF(J$3="Attendance", INDEX('Attendance Dump'!$E$2:$AI$400, MATCH($A13,'Attendance Dump'!$B$2:$B$400,0), MATCH(J$2,'Attendance Dump'!$E$1:$AI$1,0) ), INDEX('Active Hour''s Dump'!$D$3:$AH$337, MATCH($C13,'Active Hour''s Dump'!$A$3:$A$337,0), MATCH(J$2,'Active Hour''s Dump'!$D$2:$AH$2,0) ))),"") -> 5.8333333 | K13: =_xlfn.IFNA(IF(K$3="Productivity", INDEX('Productivity Dump'!$E$4:$AJ$500, MATCH($A13,'Productivity Dump'!$A$4:$A$500,0), MATCH(K$2,'Productivity Dump'!$E$3:$AJ$3,0) ), IF(K$3="Attendance", INDEX('Attendance Dump'!$E$2:$AI$400, MATCH($A13,'Attendance Dump'!$B$2:$B$400,0), MATCH(K$2,'Attendance Dump'!$E$1:$AI$1,0) ), INDEX('Active Hour''s Dump'!$D$3:$AH$337, MATCH($C13,'Active Hour''s Dump'!$A$3:$A$337,0), MATCH(K$2,'Active Hour''s Dump'!$D$2:$AH$2,0) ))),"") -> 648.138 | L13: =_xlfn.IFNA(IF(L$3="Productivity", INDEX('Productivity Dump'!$E$4:$AJ$500, MATCH($A13,'Productivity Dump'!$A$4:$A$500,0), MATCH(L$2,'Productivity Dump'!$E$3:$AJ$3,0) ), IF(L$3="Attendance", INDEX('Attendance Dump'!$E$2:$AI$400, MATCH($A13,'Attendance Dump'!$B$2:$B$400,0), MATCH(L$2,'Attendance Dump'!$E$1:$AI$1,0) ), INDEX('Active Hour''s Dump'!$D$3:$AH$337, MATCH($C13,'Active Hour''s Dump'!$A$3:$A$337,0), MATCH(L$2,'Active Hour''s Dump'!$D$2:$AH$2,0) ))),"") -> P | M13: =_xlfn.IFNA(IF(M$3="Productivity", INDEX('Productivity Dump'!$E$4:$AJ$500, MATCH($A13,'Productivity Dump'!$A$4:$A$500,0), MATCH(M$2,'Productivity Dump'!$E$3:$AJ$3,0) ), IF(M$3="Attendance", INDEX('Attendance Dump'!$E$2:$AI$400, MATCH($A13,'Attendance Dump'!$B$2:$B$400,0), MATCH(M$2,'Attendance Dump'!$E$1:$AI$1,0) ), INDEX('Active Hour''s Dump'!$D$3:$AH$337, MATCH($C13,'Active Hour''s Dump'!$A$3:$A$337,0), MATCH(M$2,'Active Hour''s Dump'!$D$2:$AH$2,0) ))),"") -> 3.75 | N13: =_xlfn.IFNA(IF(N$3="Productivity", INDEX('Productivity Dump'!$E$4:$AJ$500, MATCH($A13,'Productivity Dump'!$A$4:$A$500,0), MATCH(N$2,'Productivity Dump'!$E$3:$AJ$3,0) ), IF(N$3="Attendance", INDEX('Attendance Dump'!$E$2:$AI$400, MATCH($A13,'Attendance Dump'!$B$2:$B$400,0), MATCH(N$2,'Attendance Dump'!$E$1:$AI$1,0) ), INDEX('Active Hour''s Dump'!$D$3:$AH$337, MATCH($C13,'Active Hour''s Dump'!$A$3:$A$337,0), MATCH(N$2,'Active Hour''s Dump'!$D$2:$AH$2,0) ))),"") -> 517.328 | O13: =_xlfn.IFNA(IF(O$3="Productivity", INDEX('Productivity Dump'!$E$4:$AJ$500, MATCH($A13,'Productivity Dump'!$A$4:$A$500,0), MATCH(O$2,'Productivity Dump'!$E$3:$AJ$3,0) ), IF(O$3="Attendance", INDEX('Attendance Dump'!$E$2:$AI$400, MATCH($A13,'Attendance Dump'!$B$2:$B$400,0), MATCH(O$2,'Attendance Dump'!$E$1:$AI$1,0) ), INDEX('Active Hour''s Dump'!$D$3:$AH$337, MATCH($C13,'Active Hour''s Dump'!$A$3:$A$337,0), MATCH(O$2,'Active Hour''s Dump'!$D$2:$AH$2,0) ))),"") -> P | ... CV13: =_xlfn.IFNA(IF(CV$3="Productivity", INDEX('Productivity Dump'!$E$4:$AJ$500, MATCH($A13,'Productivity Dump'!$A$4:$A$500,0), MATCH(CV$2,'Productivity Dump'!$E$3:$AJ$3,0) ), IF(CV$3="Attendance", INDEX('Attendance Dump'!$E$2:$AI$400, MATCH($A13,'Attendance Dump'!$B$2:$B$400,0), MATCH(CV$2,'Attendance Dump'!$E$1:$AI$1,0) ), INDEX('Active Hour''s Dump'!$D$3:$AH$337, MATCH($C13,'Active Hour''s Dump'!$A$3:$A$337,0), MATCH(CV$2,'Active Hour''s Dump'!$D$2:$AH$2,0) ))),"") -> 0 | DA13: =SUMIFS($H13:$CY13,$H$3:$CY$3,"Active Hours") -> 201.66667 | DB13: =SUMIFS($H13:$CY13,$H$3:$CY$3,"Productivity") -> 23117.149 | DC13: =MAX(0,E13-DB13) -> 0 | DD13: =IFERROR(MAX(0,DC13/$DC$2),DC13) -> 0 | DF13: {=SUMPRODUCT( (MOD(COLUMN(H13:CV13) - COLUMN(H13), 3) = 0) * (H13:CV13 = 0) * (I13:CW13 = "P") * (COUNTIF(UKHoliday, H$2:CV$2) = 0) )} -> 0 | DG13: {=SUMPRODUCT( (MOD(COLUMN(H13:CV13) - COLUMN(H13), 3) = 0) * (H13:CV13 > 0) * (H13:CV13 < 0.5 * IF(((WEEKDAY(H$2:CV$2, 2) = 1) + (WEEKDAY(H$2:CV$2, 2) = 6)), G13, F13)) * (I13:CW13 = "P") * (COUNTIF(UKHoliday, H$2:CV$2) = 0) )} -> 0 | DH13: {=SUMPRODUCT( (MOD(COLUMN(H13:CV13) - COLUMN(H13), 3) = 0) * (H13:CV13 > 0.5 * IF(((WEEKDAY(H$2:CV$2, 2) = 1) + (WEEKDAY(H$2:CV$2, 2) = 6)), $G13, $F13)) * (H13:CV13 < 0.8 * IF(((WEEKDAY(H$2:CV$2, 2) = 1) + (WEEKDAY(H$2:CV$2, 2) = 6)), $G13, $F13)) * (I13:CW13 = "P") * (COUNTIF(UKHoliday, H$2:CV$2) = 0) )} -> 4 | DI13: {=SUMPRODUCT( (MOD(COLUMN(H13:CV13) - COLUMN(H13), 3) = 0) * (H13:CV13 > 0.8 * IF(((WEEKDAY(H$2:CV$2, 2) = 1) + (WEEKDAY(H$2:CV$2, 2) = 6)), $G13, $F13)) * (H13:CV13 < 1 * IF(((WEEKDAY(H$2:CV$2, 2) = 1) + (WEEKDAY(H$2:CV$2, 2) = 6)), $G13, $F13)) * (I13:CW13 = "P") * (COUNTIF(UKHoliday, H$2:CV$2) = 0) )} -> 8
A14: BOI8942 | B14: Franklin Clifford DSouza | C14: Fran8942 | D14: Prashanth | E14: 22500 | F14: =E14/$C$1 -> 1125 | G14: =F14*0.5 -> 562.5 | H14: =_xlfn.IFNA(IF(H$3="Productivity", INDEX('Productivity Dump'!$E$4:$AJ$500, MATCH($A14,'Productivity Dump'!$A$4:$A$500,0), MATCH(H$2,'Productivity Dump'!$E$3:$AJ$3,0) ), IF(H$3="Attendance", INDEX('Attendance Dump'!$E$2:$AI$400, MATCH($A14,'Attendance Dump'!$B$2:$B$400,0), MATCH(H$2,'Attendance Dump'!$E$1:$AI$1,0) ), INDEX('Active Hour''s Dump'!$D$3:$AH$337, MATCH($C14,'Active Hour''s Dump'!$A$3:$A$337,0), MATCH(H$2,'Active Hour''s Dump'!$D$2:$AH$2,0) ))),"") -> 1051.363 | I14: =_xlfn.IFNA(IF(I$3="Productivity", INDEX('Productivity Dump'!$E$4:$AJ$500, MATCH($A14,'Productivity Dump'!$A$4:$A$500,0), MATCH(I$2,'Productivity Dump'!$E$3:$AJ$3,0) ), IF(I$3="Attendance", INDEX('Attendance Dump'!$E$2:$AI$400, MATCH($A14,'Attendance Dump'!$B$2:$B$400,0), MATCH(I$2,'Attendance Dump'!$E$1:$AI$1,0) ), INDEX('Active Hour''s Dump'!$D$3:$AH$337, MATCH($C14,'Active Hour''s Dump'!$A$3:$A$337,0), MATCH(I$2,'Active Hour''s Dump'!$D$2:$AH$2,0) ))),"") -> P | J14: =_xlfn.IFNA(IF(J$3="Productivity", INDEX('Productivity Dump'!$E$4:$AJ$500, MATCH($A14,'Productivity Dump'!$A$4:$A$500,0), MATCH(J$2,'Productivity Dump'!$E$3:$AJ$3,0) ), IF(J$3="Attendance", INDEX('Attendance Dump'!$E$2:$AI$400, MATCH($A14,'Attendance Dump'!$B$2:$B$400,0), MATCH(J$2,'Attendance Dump'!$E$1:$AI$1,0) ), INDEX('Active Hour''s Dump'!$D$3:$AH$337, MATCH($C14,'Active Hour''s Dump'!$A$3:$A$337,0), MATCH(J$2,'Active Hour''s Dump'!$D$2:$AH$2,0) ))),"") -> 8.8333333 | K14: =_xlfn.IFNA(IF(K$3="Productivity", INDEX('Productivity Dump'!$E$4:$AJ$500, MATCH($A14,'Productivity Dump'!$A$4:$A$500,0), MATCH(K$2,'Productivity Dump'!$E$3:$AJ$3,0) ), IF(K$3="Attendance", INDEX('Attendance Dump'!$E$2:$AI$400, MATCH($A14,'Attendance Dump'!$B$2:$B$400,0), MATCH(K$2,'Attendance Dump'!$E$1:$AI$1,0) ), INDEX('Active Hour''s Dump'!$D$3:$AH$337, MATCH($C14,'Active Hour''s Dump'!$A$3:$A$337,0), MATCH(K$2,'Active Hour''s Dump'!$D$2:$AH$2,0) ))),"") -> 964.535 | L14: =_xlfn.IFNA(IF(L$3="Productivity", INDEX('Productivity Dump'!$E$4:$AJ$500, MATCH($A14,'Productivity Dump'!$A$4:$A$500,0), MATCH(L$2,'Productivity Dump'!$E$3:$AJ$3,0) ), IF(L$3="Attendance", INDEX('Attendance Dump'!$E$2:$AI$400, MATCH($A14,'Attendance Dump'!$B$2:$B$400,0), MATCH(L$2,'Attendance Dump'!$E$1:$AI$1,0) ), INDEX('Active Hour''s Dump'!$D$3:$AH$337, MATCH($C14,'Active Hour''s Dump'!$A$3:$A$337,0), MATCH(L$2,'Active Hour''s Dump'!$D$2:$AH$2,0) ))),"") -> P | M14: =_xlfn.IFNA(IF(M$3="Productivity", INDEX('Productivity Dump'!$E$4:$AJ$500, MATCH($A14,'Productivity Dump'!$A$4:$A$500,0), MATCH(M$2,'Productivity Dump'!$E$3:$AJ$3,0) ), IF(M$3="Attendance", INDEX('Attendance Dump'!$E$2:$AI$400, MATCH($A14,'Attendance Dump'!$B$2:$B$400,0), MATCH(M$2,'Attendance Dump'!$E$1:$AI$1,0) ), INDEX('Active Hour''s Dump'!$D$3:$AH$337, MATCH($C14,'Active Hour''s Dump'!$A$3:$A$337,0), MATCH(M$2,'Active Hour''s Dump'!$D$2:$AH$2,0) ))),"") -> 8.9166667 | N14: =_xlfn.IFNA(IF(N$3="Productivity", INDEX('Productivity Dump'!$E$4:$AJ$500, MATCH($A14,'Productivity Dump'!$A$4:$A$500,0), MATCH(N$2,'Productivity Dump'!$E$3:$AJ$3,0) ), IF(N$3="Attendance", INDEX('Attendance Dump'!$E$2:$AI$400, MATCH($A14,'Attendance Dump'!$B$2:$B$400,0), MATCH(N$2,'Attendance Dump'!$E$1:$AI$1,0) ), INDEX('Active Hour''s Dump'!$D$3:$AH$337, MATCH($C14,'Active Hour''s Dump'!$A$3:$A$337,0), MATCH(N$2,'Active Hour''s Dump'!$D$2:$AH$2,0) ))),"") -> 323.542 | O14: =_xlfn.IFNA(IF(O$3="Productivity", INDEX('Productivity Dump'!$E$4:$AJ$500, MATCH($A14,'Productivity Dump'!$A$4:$A$500,0), MATCH(O$2,'Productivity Dump'!$E$3:$AJ$3,0) ), IF(O$3="Attendance", INDEX('Attendance Dump'!$E$2:$AI$400, MATCH($A14,'Attendance Dump'!$B$2:$B$400,0), MATCH(O$2,'Attendance Dump'!$E$1:$AI$1,0) ), INDEX('Active Hour''s Dump'!$D$3:$AH$337, MATCH($C14,'Active Hour''s Dump'!$A$3:$A$337,0), MATCH(O$2,'Active Hour''s Dump'!$D$2:$AH$2,0) ))),"") -> P | ... CV14: =_xlfn.IFNA(IF(CV$3="Productivity", INDEX('Productivity Dump'!$E$4:$AJ$500, MATCH($A14,'Productivity Dump'!$A$4:$A$500,0), MATCH(CV$2,'Productivity Dump'!$E$3:$AJ$3,0) ), IF(CV$3="Attendance", INDEX('Attendance Dump'!$E$2:$AI$400, MATCH($A14,'Attendance Dump'!$B$2:$B$400,0), MATCH(CV$2,'Attendance Dump'!$E$1:$AI$1,0) ), INDEX('Active Hour''s Dump'!$D$3:$AH$337, MATCH($C14,'Active Hour''s Dump'!$A$3:$A$337,0), MATCH(CV$2,'Active Hour''s Dump'!$D$2:$AH$2,0) ))),"") -> 0 | DA14: =SUMIFS($H14:$CY14,$H$3:$CY$3,"Active Hours") -> 162.08333 | DB14: =SUMIFS($H14:$CY14,$H$3:$CY$3,"Productivity") -> 19182.908 | DC14: =MAX(0,E14-DB14) -> 3317.092 | DD14: =IFERROR(MAX(0,DC14/$DC$2),DC14) -> 0 | DF14: {=SUMPRODUCT( (MOD(COLUMN(H14:CV14) - COLUMN(H14), 3) = 0) * (H14:CV14 = 0) * (I14:CW14 = "P") * (COUNTIF(UKHoliday, H$2:CV$2) = 0) )} -> 0 | DG14: {=SUMPRODUCT( (MOD(COLUMN(H14:CV14) - COLUMN(H14), 3) = 0) * (H14:CV14 > 0) * (H14:CV14 < 0.5 * IF(((WEEKDAY(H$2:CV$2, 2) = 1) + (WEEKDAY(H$2:CV$2, 2) = 6)), G14, F14)) * (I14:CW14 = "P") * (COUNTIF(UKHoliday, H$2:CV$2) = 0) )} -> 1 | DH14: {=SUMPRODUCT( (MOD(COLUMN(H14:CV14) - COLUMN(H14), 3) = 0) * (H14:CV14 > 0.5 * IF(((WEEKDAY(H$2:CV$2, 2) = 1) + (WEEKDAY(H$2:CV$2, 2) = 6)), $G14, $F14)) * (H14:CV14 < 0.8 * IF(((WEEKDAY(H$2:CV$2, 2) = 1) + (WEEKDAY(H$2:CV$2, 2) = 6)), $G14, $F14)) * (I14:CW14 = "P") * (COUNTIF(UKHoliday, H$2:CV$2) = 0) )} -> 6 | DI14: {=SUMPRODUCT( (MOD(COLUMN(H14:CV14) - COLUMN(H14), 3) = 0) * (H14:CV14 > 0.8 * IF(((WEEKDAY(H$2:CV$2, 2) = 1) + (WEEKDAY(H$2:CV$2, 2) = 6)), $G14, $F14)) * (H14:CV14 < 1 * IF(((WEEKDAY(H$2:CV$2, 2) = 1) + (WEEKDAY(H$2:CV$2, 2) = 6)), $G14, $F14)) * (I14:CW14 = "P") * (COUNTIF(UKHoliday, H$2:CV$2) = 0) )} -> 15
A15: BOI9068 | B15: Madhu K | C15: madh9068 | D15: Hiren Patel | E15: 22000 | F15: =E15/$C$1 -> 1100 | G15: =F15*0.5 -> 550 | H15: =_xlfn.IFNA(IF(H$3="Productivity", INDEX('Productivity Dump'!$E$4:$AJ$500, MATCH($A15,'Productivity Dump'!$A$4:$A$500,0), MATCH(H$2,'Productivity Dump'!$E$3:$AJ$3,0) ), IF(H$3="Attendance", INDEX('Attendance Dump'!$E$2:$AI$400, MATCH($A15,'Attendance Dump'!$B$2:$B$400,0), MATCH(H$2,'Attendance Dump'!$E$1:$AI$1,0) ), INDEX('Active Hour''s Dump'!$D$3:$AH$337, MATCH($C15,'Active Hour''s Dump'!$A$3:$A$337,0), MATCH(H$2,'Active Hour''s Dump'!$D$2:$AH$2,0) ))),"") -> 1064.165 | I15: =_xlfn.IFNA(IF(I$3="Productivity", INDEX('Productivity Dump'!$E$4:$AJ$500, MATCH($A15,'Productivity Dump'!$A$4:$A$500,0), MATCH(I$2,'Productivity Dump'!$E$3:$AJ$3,0) ), IF(I$3="Attendance", INDEX('Attendance Dump'!$E$2:$AI$400, MATCH($A15,'Attendance Dump'!$B$2:$B$400,0), MATCH(I$2,'Attendance Dump'!$E$1:$AI$1,0) ), INDEX('Active Hour''s Dump'!$D$3:$AH$337, MATCH($C15,'Active Hour''s Dump'!$A$3:$A$337,0), MATCH(I$2,'Active Hour''s Dump'!$D$2:$AH$2,0) ))),"") -> P | J15: =_xlfn.IFNA(IF(J$3="Productivity", INDEX('Productivity Dump'!$E$4:$AJ$500, MATCH($A15,'Productivity Dump'!$A$4:$A$500,0), MATCH(J$2,'Productivity Dump'!$E$3:$AJ$3,0) ), IF(J$3="Attendance", INDEX('Attendance Dump'!$E$2:$AI$400, MATCH($A15,'Attendance Dump'!$B$2:$B$400,0), MATCH(J$2,'Attendance Dump'!$E$1:$AI$1,0) ), INDEX('Active Hour''s Dump'!$D$3:$AH$337, MATCH($C15,'Active Hour''s Dump'!$A$3:$A$337,0), MATCH(J$2,'Active Hour''s Dump'!$D$2:$AH$2,0) ))),"") -> 11.333333 | K15: =_xlfn.IFNA(IF(K$3="Productivity", INDEX('Productivity Dump'!$E$4:$AJ$500, MATCH($A15,'Productivity Dump'!$A$4:$A$500,0), MATCH(K$2,'Productivity Dump'!$E$3:$AJ$3,0) ), IF(K$3="Attendance", INDEX('Attendance Dump'!$E$2:$AI$400, MATCH($A15,'Attendance Dump'!$B$2:$B$400,0), MATCH(K$2,'Attendance Dump'!$E$1:$AI$1,0) ), INDEX('Active Hour''s Dump'!$D$3:$AH$337, MATCH($C15,'Active Hour''s Dump'!$A$3:$A$337,0), MATCH(K$2,'Active Hour''s Dump'!$D$2:$AH$2,0) ))),"") -> 1035.459 | L15: =_xlfn.IFNA(IF(L$3="Productivity", INDEX('Productivity Dump'!$E$4:$AJ$500, MATCH($A15,'Productivity Dump'!$A$4:$A$500,0), MATCH(L$2,'Productivity Dump'!$E$3:$AJ$3,0) ), IF(L$3="Attendance", INDEX('Attendance Dump'!$E$2:$AI$400, MATCH($A15,'Attendance Dump'!$B$2:$B$400,0), MATCH(L$2,'Attendance Dump'!$E$1:$AI$1,0) ), INDEX('Active Hour''s Dump'!$D$3:$AH$337, MATCH($C15,'Active Hour''s Dump'!$A$3:$A$337,0), MATCH(L$2,'Active Hour''s Dump'!$D$2:$AH$2,0) ))),"") -> P | M15: =_xlfn.IFNA(IF(M$3="Productivity", INDEX('Productivity Dump'!$E$4:$AJ$500, MATCH($A15,'Productivity Dump'!$A$4:$A$500,0), MATCH(M$2,'Productivity Dump'!$E$3:$AJ$3,0) ), IF(M$3="Attendance", INDEX('Attendance Dump'!$E$2:$AI$400, MATCH($A15,'Attendance Dump'!$B$2:$B$400,0), MATCH(M$2,'Attendance Dump'!$E$1:$AI$1,0) ), INDEX('Active Hour''s Dump'!$D$3:$AH$337, MATCH($C15,'Active Hour''s Dump'!$A$3:$A$337,0), MATCH(M$2,'Active Hour''s Dump'!$D$2:$AH$2,0) ))),"") -> 12.333333 | N15: =_xlfn.IFNA(IF(N$3="Productivity", INDEX('Productivity Dump'!$E$4:$AJ$500, MATCH($A15,'Productivity Dump'!$A$4:$A$500,0), MATCH(N$2,'Productivity Dump'!$E$3:$AJ$3,0) ), IF(N$3="Attendance", INDEX('Attendance Dump'!$E$2:$AI$400, MATCH($A15,'Attendance Dump'!$B$2:$B$400,0), MATCH(N$2,'Attendance Dump'!$E$1:$AI$1,0) ), INDEX('Active Hour''s Dump'!$D$3:$AH$337, MATCH($C15,'Active Hour''s Dump'!$A$3:$A$337,0), MATCH(N$2,'Active Hour''s Dump'!$D$2:$AH$2,0) ))),"") -> 780.179 | O15: =_xlfn.IFNA(IF(O$3="Productivity", INDEX('Productivity Dump'!$E$4:$AJ$500, MATCH($A15,'Productivity Dump'!$A$4:$A$500,0), MATCH(O$2,'Productivity Dump'!$E$3:$AJ$3,0) ), IF(O$3="Attendance", INDEX('Attendance Dump'!$E$2:$AI$400, MATCH($A15,'Attendance Dump'!$B$2:$B$400,0), MATCH(O$2,'Attendance Dump'!$E$1:$AI$1,0) ), INDEX('Active Hour''s Dump'!$D$3:$AH$337, MATCH($C15,'Active Hour''s Dump'!$A$3:$A$337,0), MATCH(O$2,'Active Hour''s Dump'!$D$2:$AH$2,0) ))),"") -> P | ... CV15: =_xlfn.IFNA(IF(CV$3="Productivity", INDEX('Productivity Dump'!$E$4:$AJ$500, MATCH($A15,'Productivity Dump'!$A$4:$A$500,0), MATCH(CV$2,'Productivity Dump'!$E$3:$AJ$3,0) ), IF(CV$3="Attendance", INDEX('Attendance Dump'!$E$2:$AI$400, MATCH($A15,'Attendance Dump'!$B$2:$B$400,0), MATCH(CV$2,'Attendance Dump'!$E$1:$AI$1,0) ), INDEX('Active Hour''s Dump'!$D$3:$AH$337, MATCH($C15,'Active Hour''s Dump'!$A$3:$A$337,0), MATCH(CV$2,'Active Hour''s Dump'!$D$2:$AH$2,0) ))),"") -> 0 | DA15: =SUMIFS($H15:$CY15,$H$3:$CY$3,"Active Hours") -> 245 | DB15: =SUMIFS($H15:$CY15,$H$3:$CY$3,"Productivity") -> 22559.266 | DC15: =MAX(0,E15-DB15) -> 0 | DD15: =IFERROR(MAX(0,DC15/$DC$2),DC15) -> 0 | DF15: {=SUMPRODUCT( (MOD(COLUMN(H15:CV15) - COLUMN(H15), 3) = 0) * (H15:CV15 = 0) * (I15:CW15 = "P") * (COUNTIF(UKHoliday, H$2:CV$2) = 0) )} -> 0 | DG15: {=SUMPRODUCT( (MOD(COLUMN(H15:CV15) - COLUMN(H15), 3) = 0) * (H15:CV15 > 0) * (H15:CV15 < 0.5 * IF(((WEEKDAY(H$2:CV$2, 2) = 1) + (WEEKDAY(H$2:CV$2, 2) = 6)), G15, F15)) * (I15:CW15 = "P") * (COUNTIF(UKHoliday, H$2:CV$2) = 0) )} -> 0 | DH15: {=SUMPRODUCT( (MOD(COLUMN(H15:CV15) - COLUMN(H15), 3) = 0) * (H15:CV15 > 0.5 * IF(((WEEKDAY(H$2:CV$2, 2) = 1) + (WEEKDAY(H$2:CV$2, 2) = 6)), $G15, $F15)) * (H15:CV15 < 0.8 * IF(((WEEKDAY(H$2:CV$2, 2) = 1) + (WEEKDAY(H$2:CV$2, 2) = 6)), $G15, $F15)) * (I15:CW15 = "P") * (COUNTIF(UKHoliday, H$2:CV$2) = 0) )} -> 0 | DI15: {=SUMPRODUCT( (MOD(COLUMN(H15:CV15) - COLUMN(H15), 3) = 0) * (H15:CV15 > 0.8 * IF(((WEEKDAY(H$2:CV$2, 2) = 1) + (WEEKDAY(H$2:CV$2, 2) = 6)), $G15, $F15)) * (H15:CV15 < 1 * IF(((WEEKDAY(H$2:CV$2, 2) = 1) + (WEEKDAY(H$2:CV$2, 2) = 6)), $G15, $F15)) * (I15:CW15 = "P") * (COUNTIF(UKHoliday, H$2:CV$2) = 0) )} -> 11
... A287: BOI11174 | B287: Sadeesh Palanisamy | C287: Sade11174 | D287: Ranjith M | E287: 18600 | F287: =E287/$C$1 -> 930 | G287: =F287*0.5 -> 465 | H287: =_xlfn.IFNA(IF(H$3="Productivity", INDEX('Productivity Dump'!$E$4:$AJ$500, MATCH($A287,'Productivity Dump'!$A$4:$A$500,0), MATCH(H$2,'Productivity Dump'!$E$3:$AJ$3,0) ), IF(H$3="Attendance", INDEX('Attendance Dump'!$E$2:$AI$400, MATCH($A287,'Attendance Dump'!$B$2:$B$400,0), MATCH(H$2,'Attendance Dump'!$E$1:$AI$1,0) ), INDEX('Active Hour''s Dump'!$D$3:$AH$337, MATCH($C287,'Active Hour''s Dump'!$A$3:$A$337,0), MATCH(H$2,'Active Hour''s Dump'!$D$2:$AH$2,0) ))),"") -> 939.502 | I287: =_xlfn.IFNA(IF(I$3="Productivity", INDEX('Productivity Dump'!$E$4:$AJ$500, MATCH($A287,'Productivity Dump'!$A$4:$A$500,0), MATCH(I$2,'Productivity Dump'!$E$3:$AJ$3,0) ), IF(I$3="Attendance", INDEX('Attendance Dump'!$E$2:$AI$400, MATCH($A287,'Attendance Dump'!$B$2:$B$400,0), MATCH(I$2,'Attendance Dump'!$E$1:$AI$1,0) ), INDEX('Active Hour''s Dump'!$D$3:$AH$337, MATCH($C287,'Active Hour''s Dump'!$A$3:$A$337,0), MATCH(I$2,'Active Hour''s Dump'!$D$2:$AH$2,0) ))),"") -> P | J287: =_xlfn.IFNA(IF(J$3="Productivity", INDEX('Productivity Dump'!$E$4:$AJ$500, MATCH($A287,'Productivity Dump'!$A$4:$A$500,0), MATCH(J$2,'Productivity Dump'!$E$3:$AJ$3,0) ), IF(J$3="Attendance", INDEX('Attendance Dump'!$E$2:$AI$400, MATCH($A287,'Attendance Dump'!$B$2:$B$400,0), MATCH(J$2,'Attendance Dump'!$E$1:$AI$1,0) ), INDEX('Active Hour''s Dump'!$D$3:$AH$337, MATCH($C287,'Active Hour''s Dump'!$A$3:$A$337,0), MATCH(J$2,'Active Hour''s Dump'!$D$2:$AH$2,0) ))),"") -> 7.9166667 | K287: =_xlfn.IFNA(IF(K$3="Productivity", INDEX('Productivity Dump'!$E$4:$AJ$500, MATCH($A287,'Productivity Dump'!$A$4:$A$500,0), MATCH(K$2,'Productivity Dump'!$E$3:$AJ$3,0) ), IF(K$3="Attendance", INDEX('Attendance Dump'!$E$2:$AI$400, MATCH($A287,'Attendance Dump'!$B$2:$B$400,0), MATCH(K$2,'Attendance Dump'!$E$1:$AI$1,0) ), INDEX('Active Hour''s Dump'!$D$3:$AH$337, MATCH($C287,'Active Hour''s Dump'!$A$3:$A$337,0), MATCH(K$2,'Active Hour''s Dump'!$D$2:$AH$2,0) ))),"") -> 919.784 | L287: =_xlfn.IFNA(IF(L$3="Productivity", INDEX('Productivity Dump'!$E$4:$AJ$500, MATCH($A287,'Productivity Dump'!$A$4:$A$500,0), MATCH(L$2,'Productivity Dump'!$E$3:$AJ$3,0) ), IF(L$3="Attendance", INDEX('Attendance Dump'!$E$2:$AI$400, MATCH($A287,'Attendance Dump'!$B$2:$B$400,0), MATCH(L$2,'Attendance Dump'!$E$1:$AI$1,0) ), INDEX('Active Hour''s Dump'!$D$3:$AH$337, MATCH($C287,'Active Hour''s Dump'!$A$3:$A$337,0), MATCH(L$2,'Active Hour''s Dump'!$D$2:$AH$2,0) ))),"") -> P | M287: =_xlfn.IFNA(IF(M$3="Productivity", INDEX('Productivity Dump'!$E$4:$AJ$500, MATCH($A287,'Productivity Dump'!$A$4:$A$500,0), MATCH(M$2,'Productivity Dump'!$E$3:$AJ$3,0) ), IF(M$3="Attendance", INDEX('Attendance Dump'!$E$2:$AI$400, MATCH($A287,'Attendance Dump'!$B$2:$B$400,0), MATCH(M$2,'Attendance Dump'!$E$1:$AI$1,0) ), INDEX('Active Hour''s Dump'!$D$3:$AH$337, MATCH($C287,'Active Hour''s Dump'!$A$3:$A$337,0), MATCH(M$2,'Active Hour''s Dump'!$D$2:$AH$2,0) ))),"") -> 7.9166667 | N287: =_xlfn.IFNA(IF(N$3="Productivity", INDEX('Productivity Dump'!$E$4:$AJ$500, MATCH($A287,'Productivity Dump'!$A$4:$A$500,0), MATCH(N$2,'Productivity Dump'!$E$3:$AJ$3,0) ), IF(N$3="Attendance", INDEX('Attendance Dump'!$E$2:$AI$400, MATCH($A287,'Attendance Dump'!$B$2:$B$400,0), MATCH(N$2,'Attendance Dump'!$E$1:$AI$1,0) ), INDEX('Active Hour''s Dump'!$D$3:$AH$337, MATCH($C287,'Active Hour''s Dump'!$A$3:$A$337,0), MATCH(N$2,'Active Hour''s Dump'!$D$2:$AH$2,0) ))),"") -> 960.392 | O287: =_xlfn.IFNA(IF(O$3="Productivity", INDEX('Productivity Dump'!$E$4:$AJ$500, MATCH($A287,'Productivity Dump'!$A$4:$A$500,0), MATCH(O$2,'Productivity Dump'!$E$3:$AJ$3,0) ), IF(O$3="Attendance", INDEX('Attendance Dump'!$E$2:$AI$400, MATCH($A287,'Attendance Dump'!$B$2:$B$400,0), MATCH(O$2,'Attendance Dump'!$E$1:$AI$1,0) ), INDEX('Active Hour''s Dump'!$D$3:$AH$337, MATCH($C287,'Active Hour''s Dump'!$A$3:$A$337,0), MATCH(O$2,'Active Hour''s Dump'!$D$2:$AH$2,0) ))),"") -> P | ... CV287: =_xlfn.IFNA(IF(CV$3="Productivity", INDEX('Productivity Dump'!$E$4:$AJ$500, MATCH($A287,'Productivity Dump'!$A$4:$A$500,0), MATCH(CV$2,'Productivity Dump'!$E$3:$AJ$3,0) ), IF(CV$3="Attendance", INDEX('Attendance Dump'!$E$2:$AI$400, MATCH($A287,'Attendance Dump'!$B$2:$B$400,0), MATCH(CV$2,'Attendance Dump'!$E$1:$AI$1,0) ), INDEX('Active Hour''s Dump'!$D$3:$AH$337, MATCH($C287,'Active Hour''s Dump'!$A$3:$A$337,0), MATCH(CV$2,'Active Hour''s Dump'!$D$2:$AH$2,0) ))),"") -> 0 | DA287: =SUMIFS($H287:$CY287,$H$3:$CY$3,"Active Hours") -> 161 | DB287: =SUMIFS($H287:$CY287,$H$3:$CY$3,"Productivity") -> 20454.714 | DC287: =MAX(0,E287-DB287) -> 0 | DD287: =IFERROR(MAX(0,DC287/$DC$2),DC287) -> 0 | DF287: {=SUMPRODUCT( (MOD(COLUMN(H287:CV287) - COLUMN(H287), 3) = 0) * (H287:CV287 = 0) * (I287:CW287 = "P") * (COUNTIF(UKHoliday, H$2:CV$2) = 0) )} -> 0 | DG287: {=SUMPRODUCT( (MOD(COLUMN(H287:CV287) - COLUMN(H287), 3) = 0) * (H287:CV287 > 0) * (H287:CV287 < 0.5 * IF(((WEEKDAY(H$2:CV$2, 2) = 1) + (WEEKDAY(H$2:CV$2, 2) = 6)), G287, F287)) * (I287:CW287 = "P") * (COUNTIF(UKHoliday, H$2:CV$2) = 0) )} -> 0 | DH287: {=SUMPRODUCT( (MOD(COLUMN(H287:CV287) - COLUMN(H287), 3) = 0) * (H287:CV287 > 0.5 * IF(((WEEKDAY(H$2:CV$2, 2) = 1) + (WEEKDAY(H$2:CV$2, 2) = 6)), $G287, $F287)) * (H287:CV287 < 0.8 * IF(((WEEKDAY(H$2:CV$2, 2) = 1) + (WEEKDAY(H$2:CV$2, 2) = 6)), $G287, $F287)) * (I287:CW287 = "P") * (COUNTIF(UKHoliday, H$2:CV$2) = 0) )} -> 0 | DI287: {=SUMPRODUCT( (MOD(COLUMN(H287:CV287) - COLUMN(H287), 3) = 0) * (H287:CV287 > 0.8 * IF(((WEEKDAY(H$2:CV$2, 2) = 1) + (WEEKDAY(H$2:CV$2, 2) = 6)), $G287, $F287)) * (H287:CV287 < 1 * IF(((WEEKDAY(H$2:CV$2, 2) = 1) + (WEEKDAY(H$2:CV$2, 2) = 6)), $G287, $F287)) * (I287:CW287 = "P") * (COUNTIF(UKHoliday, H$2:CV$2) = 0) )} -> 4
A288: {=VLOOKUP(C288,'[1]Dec''25'!$A:$D,{3,4},0)} -> BOI11179 | B288: Nethra S | C288: Neth11179 | D288: Anil K | E288: 18600 | F288: =E288/$C$1 -> 930 | G288: =F288*0.5 -> 465 | H288: =_xlfn.IFNA(IF(H$3="Productivity", INDEX('Productivity Dump'!$E$4:$AJ$500, MATCH($A288,'Productivity Dump'!$A$4:$A$500,0), MATCH(H$2,'Productivity Dump'!$E$3:$AJ$3,0) ), IF(H$3="Attendance", INDEX('Attendance Dump'!$E$2:$AI$400, MATCH($A288,'Attendance Dump'!$B$2:$B$400,0), MATCH(H$2,'Attendance Dump'!$E$1:$AI$1,0) ), INDEX('Active Hour''s Dump'!$D$3:$AH$337, MATCH($C288,'Active Hour''s Dump'!$A$3:$A$337,0), MATCH(H$2,'Active Hour''s Dump'!$D$2:$AH$2,0) ))),"") -> 964.566 | I288: =_xlfn.IFNA(IF(I$3="Productivity", INDEX('Productivity Dump'!$E$4:$AJ$500, MATCH($A288,'Productivity Dump'!$A$4:$A$500,0), MATCH(I$2,'Productivity Dump'!$E$3:$AJ$3,0) ), IF(I$3="Attendance", INDEX('Attendance Dump'!$E$2:$AI$400, MATCH($A288,'Attendance Dump'!$B$2:$B$400,0), MATCH(I$2,'Attendance Dump'!$E$1:$AI$1,0) ), INDEX('Active Hour''s Dump'!$D$3:$AH$337, MATCH($C288,'Active Hour''s Dump'!$A$3:$A$337,0), MATCH(I$2,'Active Hour''s Dump'!$D$2:$AH$2,0) ))),"") -> P | J288: =_xlfn.IFNA(IF(J$3="Productivity", INDEX('Productivity Dump'!$E$4:$AJ$500, MATCH($A288,'Productivity Dump'!$A$4:$A$500,0), MATCH(J$2,'Productivity Dump'!$E$3:$AJ$3,0) ), IF(J$3="Attendance", INDEX('Attendance Dump'!$E$2:$AI$400, MATCH($A288,'Attendance Dump'!$B$2:$B$400,0), MATCH(J$2,'Attendance Dump'!$E$1:$AI$1,0) ), INDEX('Active Hour''s Dump'!$D$3:$AH$337, MATCH($C288,'Active Hour''s Dump'!$A$3:$A$337,0), MATCH(J$2,'Active Hour''s Dump'!$D$2:$AH$2,0) ))),"") -> 7.5 | K288: =_xlfn.IFNA(IF(K$3="Productivity", INDEX('Productivity Dump'!$E$4:$AJ$500, MATCH($A288,'Productivity Dump'!$A$4:$A$500,0), MATCH(K$2,'Productivity Dump'!$E$3:$AJ$3,0) ), IF(K$3="Attendance", INDEX('Attendance Dump'!$E$2:$AI$400, MATCH($A288,'Attendance Dump'!$B$2:$B$400,0), MATCH(K$2,'Attendance Dump'!$E$1:$AI$1,0) ), INDEX('Active Hour''s Dump'!$D$3:$AH$337, MATCH($C288,'Active Hour''s Dump'!$A$3:$A$337,0), MATCH(K$2,'Active Hour''s Dump'!$D$2:$AH$2,0) ))),"") -> 1039.163 | L288: =_xlfn.IFNA(IF(L$3="Productivity", INDEX('Productivity Dump'!$E$4:$AJ$500, MATCH($A288,'Productivity Dump'!$A$4:$A$500,0), MATCH(L$2,'Productivity Dump'!$E$3:$AJ$3,0) ), IF(L$3="Attendance", INDEX('Attendance Dump'!$E$2:$AI$400, MATCH($A288,'Attendance Dump'!$B$2:$B$400,0), MATCH(L$2,'Attendance Dump'!$E$1:$AI$1,0) ), INDEX('Active Hour''s Dump'!$D$3:$AH$337, MATCH($C288,'Active Hour''s Dump'!$A$3:$A$337,0), MATCH(L$2,'Active Hour''s Dump'!$D$2:$AH$2,0) ))),"") -> P | M288: =_xlfn.IFNA(IF(M$3="Productivity", INDEX('Productivity Dump'!$E$4:$AJ$500, MATCH($A288,'Productivity Dump'!$A$4:$A$500,0), MATCH(M$2,'Productivity Dump'!$E$3:$AJ$3,0) ), IF(M$3="Attendance", INDEX('Attendance Dump'!$E$2:$AI$400, MATCH($A288,'Attendance Dump'!$B$2:$B$400,0), MATCH(M$2,'Attendance Dump'!$E$1:$AI$1,0) ), INDEX('Active Hour''s Dump'!$D$3:$AH$337, MATCH($C288,'Active Hour''s Dump'!$A$3:$A$337,0), MATCH(M$2,'Active Hour''s Dump'!$D$2:$AH$2,0) ))),"") -> 7.75 | N288: =_xlfn.IFNA(IF(N$3="Productivity", INDEX('Productivity Dump'!$E$4:$AJ$500, MATCH($A288,'Productivity Dump'!$A$4:$A$500,0), MATCH(N$2,'Productivity Dump'!$E$3:$AJ$3,0) ), IF(N$3="Attendance", INDEX('Attendance Dump'!$E$2:$AI$400, MATCH($A288,'Attendance Dump'!$B$2:$B$400,0), MATCH(N$2,'Attendance Dump'!$E$1:$AI$1,0) ), INDEX('Active Hour''s Dump'!$D$3:$AH$337, MATCH($C288,'Active Hour''s Dump'!$A$3:$A$337,0), MATCH(N$2,'Active Hour''s Dump'!$D$2:$AH$2,0) ))),"") -> 535.01 | O288: =_xlfn.IFNA(IF(O$3="Productivity", INDEX('Productivity Dump'!$E$4:$AJ$500, MATCH($A288,'Productivity Dump'!$A$4:$A$500,0), MATCH(O$2,'Productivity Dump'!$E$3:$AJ$3,0) ), IF(O$3="Attendance", INDEX('Attendance Dump'!$E$2:$AI$400, MATCH($A288,'Attendance Dump'!$B$2:$B$400,0), MATCH(O$2,'Attendance Dump'!$E$1:$AI$1,0) ), INDEX('Active Hour''s Dump'!$D$3:$AH$337, MATCH($C288,'Active Hour''s Dump'!$A$3:$A$337,0), MATCH(O$2,'Active Hour''s Dump'!$D$2:$AH$2,0) ))),"") -> P | ... CV288: =_xlfn.IFNA(IF(CV$3="Productivity", INDEX('Productivity Dump'!$E$4:$AJ$500, MATCH($A288,'Productivity Dump'!$A$4:$A$500,0), MATCH(CV$2,'Productivity Dump'!$E$3:$AJ$3,0) ), IF(CV$3="Attendance", INDEX('Attendance Dump'!$E$2:$AI$400, MATCH($A288,'Attendance Dump'!$B$2:$B$400,0), MATCH(CV$2,'Attendance Dump'!$E$1:$AI$1,0) ), INDEX('Active Hour''s Dump'!$D$3:$AH$337, MATCH($C288,'Active Hour''s Dump'!$A$3:$A$337,0), MATCH(CV$2,'Active Hour''s Dump'!$D$2:$AH$2,0) ))),"") -> 0 | DA288: =SUMIFS($H288:$CY288,$H$3:$CY$3,"Active Hours") -> 143.16667 | DB288: =SUMIFS($H288:$CY288,$H$3:$CY$3,"Productivity") -> 18681.484 | DC288: =MAX(0,E288-DB288) -> 0 | DD288: =IFERROR(MAX(0,DC288/$DC$2),DC288) -> 0 | DF288: {=SUMPRODUCT( (MOD(COLUMN(H288:CV288) - COLUMN(H288), 3) = 0) * (H288:CV288 = 0) * (I288:CW288 = "P") * (COUNTIF(UKHoliday, H$2:CV$2) = 0) )} -> 0 | DG288: {=SUMPRODUCT( (MOD(COLUMN(H288:CV288) - COLUMN(H288), 3) = 0) * (H288:CV288 > 0) * (H288:CV288 < 0.5 * IF(((WEEKDAY(H$2:CV$2, 2) = 1) + (WEEKDAY(H$2:CV$2, 2) = 6)), G288, F288)) * (I288:CW288 = "P") * (COUNTIF(UKHoliday, H$2:CV$2) = 0) )} -> 0 | DH288: {=SUMPRODUCT( (MOD(COLUMN(H288:CV288) - COLUMN(H288), 3) = 0) * (H288:CV288 > 0.5 * IF(((WEEKDAY(H$2:CV$2, 2) = 1) + (WEEKDAY(H$2:CV$2, 2) = 6)), $G288, $F288)) * (H288:CV288 < 0.8 * IF(((WEEKDAY(H$2:CV$2, 2) = 1) + (WEEKDAY(H$2:CV$2, 2) = 6)), $G288, $F288)) * (I288:CW288 = "P") * (COUNTIF(UKHoliday, H$2:CV$2) = 0) )} -> 1 | DI288: {=SUMPRODUCT( (MOD(COLUMN(H288:CV288) - COLUMN(H288), 3) = 0) * (H288:CV288 > 0.8 * IF(((WEEKDAY(H$2:CV$2, 2) = 1) + (WEEKDAY(H$2:CV$2, 2) = 6)), $G288, $F288)) * (H288:CV288 < 1 * IF(((WEEKDAY(H$2:CV$2, 2) = 1) + (WEEKDAY(H$2:CV$2, 2) = 6)), $G288, $F288)) * (I288:CW288 = "P") * (COUNTIF(UKHoliday, H$2:CV$2) = 0) )} -> 3
A289: {=VLOOKUP(C289,'[1]Dec''25'!$A:$D,{3,4},0)} -> BOI11178 | B289: Jyothi Aravindan | C289: Jyot11178 | D289: Sunil Kumar K | E289: 18600 | F289: =E289/$C$1 -> 930 | G289: =F289*0.5 -> 465 | H289: =_xlfn.IFNA(IF(H$3="Productivity", INDEX('Productivity Dump'!$E$4:$AJ$500, MATCH($A289,'Productivity Dump'!$A$4:$A$500,0), MATCH(H$2,'Productivity Dump'!$E$3:$AJ$3,0) ), IF(H$3="Attendance", INDEX('Attendance Dump'!$E$2:$AI$400, MATCH($A289,'Attendance Dump'!$B$2:$B$400,0), MATCH(H$2,'Attendance Dump'!$E$1:$AI$1,0) ), INDEX('Active Hour''s Dump'!$D$3:$AH$337, MATCH($C289,'Active Hour''s Dump'!$A$3:$A$337,0), MATCH(H$2,'Active Hour''s Dump'!$D$2:$AH$2,0) ))),"") -> 939.562 | I289: =_xlfn.IFNA(IF(I$3="Productivity", INDEX('Productivity Dump'!$E$4:$AJ$500, MATCH($A289,'Productivity Dump'!$A$4:$A$500,0), MATCH(I$2,'Productivity Dump'!$E$3:$AJ$3,0) ), IF(I$3="Attendance", INDEX('Attendance Dump'!$E$2:$AI$400, MATCH($A289,'Attendance Dump'!$B$2:$B$400,0), MATCH(I$2,'Attendance Dump'!$E$1:$AI$1,0) ), INDEX('Active Hour''s Dump'!$D$3:$AH$337, MATCH($C289,'Active Hour''s Dump'!$A$3:$A$337,0), MATCH(I$2,'Active Hour''s Dump'!$D$2:$AH$2,0) ))),"") -> P | J289: =_xlfn.IFNA(IF(J$3="Productivity", INDEX('Productivity Dump'!$E$4:$AJ$500, MATCH($A289,'Productivity Dump'!$A$4:$A$500,0), MATCH(J$2,'Productivity Dump'!$E$3:$AJ$3,0) ), IF(J$3="Attendance", INDEX('Attendance Dump'!$E$2:$AI$400, MATCH($A289,'Attendance Dump'!$B$2:$B$400,0), MATCH(J$2,'Attendance Dump'!$E$1:$AI$1,0) ), INDEX('Active Hour''s Dump'!$D$3:$AH$337, MATCH($C289,'Active Hour''s Dump'!$A$3:$A$337,0), MATCH(J$2,'Active Hour''s Dump'!$D$2:$AH$2,0) ))),"") -> 7.3333333 | K289: =_xlfn.IFNA(IF(K$3="Productivity", INDEX('Productivity Dump'!$E$4:$AJ$500, MATCH($A289,'Productivity Dump'!$A$4:$A$500,0), MATCH(K$2,'Productivity Dump'!$E$3:$AJ$3,0) ), IF(K$3="Attendance", INDEX('Attendance Dump'!$E$2:$AI$400, MATCH($A289,'Attendance Dump'!$B$2:$B$400,0), MATCH(K$2,'Attendance Dump'!$E$1:$AI$1,0) ), INDEX('Active Hour''s Dump'!$D$3:$AH$337, MATCH($C289,'Active Hour''s Dump'!$A$3:$A$337,0), MATCH(K$2,'Active Hour''s Dump'!$D$2:$AH$2,0) ))),"") -> 924.527 | L289: =_xlfn.IFNA(IF(L$3="Productivity", INDEX('Productivity Dump'!$E$4:$AJ$500, MATCH($A289,'Productivity Dump'!$A$4:$A$500,0), MATCH(L$2,'Productivity Dump'!$E$3:$AJ$3,0) ), IF(L$3="Attendance", INDEX('Attendance Dump'!$E$2:$AI$400, MATCH($A289,'Attendance Dump'!$B$2:$B$400,0), MATCH(L$2,'Attendance Dump'!$E$1:$AI$1,0) ), INDEX('Active Hour''s Dump'!$D$3:$AH$337, MATCH($C289,'Active Hour''s Dump'!$A$3:$A$337,0), MATCH(L$2,'Active Hour''s Dump'!$D$2:$AH$2,0) ))),"") -> P | M289: =_xlfn.IFNA(IF(M$3="Productivity", INDEX('Productivity Dump'!$E$4:$AJ$500, MATCH($A289,'Productivity Dump'!$A$4:$A$500,0), MATCH(M$2,'Productivity Dump'!$E$3:$AJ$3,0) ), IF(M$3="Attendance", INDEX('Attendance Dump'!$E$2:$AI$400, MATCH($A289,'Attendance Dump'!$B$2:$B$400,0), MATCH(M$2,'Attendance Dump'!$E$1:$AI$1,0) ), INDEX('Active Hour''s Dump'!$D$3:$AH$337, MATCH($C289,'Active Hour''s Dump'!$A$3:$A$337,0), MATCH(M$2,'Active Hour''s Dump'!$D$2:$AH$2,0) ))),"") -> 7 | N289: =_xlfn.IFNA(IF(N$3="Productivity", INDEX('Productivity Dump'!$E$4:$AJ$500, MATCH($A289,'Productivity Dump'!$A$4:$A$500,0), MATCH(N$2,'Productivity Dump'!$E$3:$AJ$3,0) ), IF(N$3="Attendance", INDEX('Attendance Dump'!$E$2:$AI$400, MATCH($A289,'Attendance Dump'!$B$2:$B$400,0), MATCH(N$2,'Attendance Dump'!$E$1:$AI$1,0) ), INDEX('Active Hour''s Dump'!$D$3:$AH$337, MATCH($C289,'Active Hour''s Dump'!$A$3:$A$337,0), MATCH(N$2,'Active Hour''s Dump'!$D$2:$AH$2,0) ))),"") -> 642.727 | O289: =_xlfn.IFNA(IF(O$3="Productivity", INDEX('Productivity Dump'!$E$4:$AJ$500, MATCH($A289,'Productivity Dump'!$A$4:$A$500,0), MATCH(O$2,'Productivity Dump'!$E$3:$AJ$3,0) ), IF(O$3="Attendance", INDEX('Attendance Dump'!$E$2:$AI$400, MATCH($A289,'Attendance Dump'!$B$2:$B$400,0), MATCH(O$2,'Attendance Dump'!$E$1:$AI$1,0) ), INDEX('Active Hour''s Dump'!$D$3:$AH$337, MATCH($C289,'Active Hour''s Dump'!$A$3:$A$337,0), MATCH(O$2,'Active Hour''s Dump'!$D$2:$AH$2,0) ))),"") -> P | ... CV289: =_xlfn.IFNA(IF(CV$3="Productivity", INDEX('Productivity Dump'!$E$4:$AJ$500, MATCH($A289,'Productivity Dump'!$A$4:$A$500,0), MATCH(CV$2,'Productivity Dump'!$E$3:$AJ$3,0) ), IF(CV$3="Attendance", INDEX('Attendance Dump'!$E$2:$AI$400, MATCH($A289,'Attendance Dump'!$B$2:$B$400,0), MATCH(CV$2,'Attendance Dump'!$E$1:$AI$1,0) ), INDEX('Active Hour''s Dump'!$D$3:$AH$337, MATCH($C289,'Active Hour''s Dump'!$A$3:$A$337,0), MATCH(CV$2,'Active Hour''s Dump'!$D$2:$AH$2,0) ))),"") -> 0 | DA289: =SUMIFS($H289:$CY289,$H$3:$CY$3,"Active Hours") -> 149.08333 | DB289: =SUMIFS($H289:$CY289,$H$3:$CY$3,"Productivity") -> 19327.147 | DC289: =MAX(0,E289-DB289) -> 0 | DD289: =IFERROR(MAX(0,DC289/$DC$2),DC289) -> 0 | DF289: {=SUMPRODUCT( (MOD(COLUMN(H289:CV289) - COLUMN(H289), 3) = 0) * (H289:CV289 = 0) * (I289:CW289 = "P") * (COUNTIF(UKHoliday, H$2:CV$2) = 0) )} -> 0 | DG289: {=SUMPRODUCT( (MOD(COLUMN(H289:CV289) - COLUMN(H289), 3) = 0) * (H289:CV289 > 0) * (H289:CV289 < 0.5 * IF(((WEEKDAY(H$2:CV$2, 2) = 1) + (WEEKDAY(H$2:CV$2, 2) = 6)), G289, F289)) * (I289:CW289 = "P") * (COUNTIF(UKHoliday, H$2:CV$2) = 0) )} -> 0 | DH289: {=SUMPRODUCT( (MOD(COLUMN(H289:CV289) - COLUMN(H289), 3) = 0) * (H289:CV289 > 0.5 * IF(((WEEKDAY(H$2:CV$2, 2) = 1) + (WEEKDAY(H$2:CV$2, 2) = 6)), $G289, $F289)) * (H289:CV289 < 0.8 * IF(((WEEKDAY(H$2:CV$2, 2) = 1) + (WEEKDAY(H$2:CV$2, 2) = 6)), $G289, $F289)) * (I289:CW289 = "P") * (COUNTIF(UKHoliday, H$2:CV$2) = 0) )} -> 1 | DI289: {=SUMPRODUCT( (MOD(COLUMN(H289:CV289) - COLUMN(H289), 3) = 0) * (H289:CV289 > 0.8 * IF(((WEEKDAY(H$2:CV$2, 2) = 1) + (WEEKDAY(H$2:CV$2, 2) = 6)), $G289, $F289)) * (H289:CV289 < 1 * IF(((WEEKDAY(H$2:CV$2, 2) = 1) + (WEEKDAY(H$2:CV$2, 2) = 6)), $G289, $F289)) * (I289:CW289 = "P") * (COUNTIF(UKHoliday, H$2:CV$2) = 0) )} -> 8
A290: BOI11180 | B290: Saj kumar | C290: Sajk11180 | D290: Sunil Kumar K | E290: 18600 | F290: =E290/$C$1 -> 930 | G290: =F290*0.5 -> 465 | H290: =_xlfn.IFNA(IF(H$3="Productivity", INDEX('Productivity Dump'!$E$4:$AJ$500, MATCH($A290,'Productivity Dump'!$A$4:$A$500,0), MATCH(H$2,'Productivity Dump'!$E$3:$AJ$3,0) ), IF(H$3="Attendance", INDEX('Attendance Dump'!$E$2:$AI$400, MATCH($A290,'Attendance Dump'!$B$2:$B$400,0), MATCH(H$2,'Attendance Dump'!$E$1:$AI$1,0) ), INDEX('Active Hour''s Dump'!$D$3:$AH$337, MATCH($C290,'Active Hour''s Dump'!$A$3:$A$337,0), MATCH(H$2,'Active Hour''s Dump'!$D$2:$AH$2,0) ))),"") -> 981.059 | I290: =_xlfn.IFNA(IF(I$3="Productivity", INDEX('Productivity Dump'!$E$4:$AJ$500, MATCH($A290,'Productivity Dump'!$A$4:$A$500,0), MATCH(I$2,'Productivity Dump'!$E$3:$AJ$3,0) ), IF(I$3="Attendance", INDEX('Attendance Dump'!$E$2:$AI$400, MATCH($A290,'Attendance Dump'!$B$2:$B$400,0), MATCH(I$2,'Attendance Dump'!$E$1:$AI$1,0) ), INDEX('Active Hour''s Dump'!$D$3:$AH$337, MATCH($C290,'Active Hour''s Dump'!$A$3:$A$337,0), MATCH(I$2,'Active Hour''s Dump'!$D$2:$AH$2,0) ))),"") -> P | J290: =_xlfn.IFNA(IF(J$3="Productivity", INDEX('Productivity Dump'!$E$4:$AJ$500, MATCH($A290,'Productivity Dump'!$A$4:$A$500,0), MATCH(J$2,'Productivity Dump'!$E$3:$AJ$3,0) ), IF(J$3="Attendance", INDEX('Attendance Dump'!$E$2:$AI$400, MATCH($A290,'Attendance Dump'!$B$2:$B$400,0), MATCH(J$2,'Attendance Dump'!$E$1:$AI$1,0) ), INDEX('Active Hour''s Dump'!$D$3:$AH$337, MATCH($C290,'Active Hour''s Dump'!$A$3:$A$337,0), MATCH(J$2,'Active Hour''s Dump'!$D$2:$AH$2,0) ))),"") -> 11 | K290: =_xlfn.IFNA(IF(K$3="Productivity", INDEX('Productivity Dump'!$E$4:$AJ$500, MATCH($A290,'Productivity Dump'!$A$4:$A$500,0), MATCH(K$2,'Productivity Dump'!$E$3:$AJ$3,0) ), IF(K$3="Attendance", INDEX('Attendance Dump'!$E$2:$AI$400, MATCH($A290,'Attendance Dump'!$B$2:$B$400,0), MATCH(K$2,'Attendance Dump'!$E$1:$AI$1,0) ), INDEX('Active Hour''s Dump'!$D$3:$AH$337, MATCH($C290,'Active Hour''s Dump'!$A$3:$A$337,0), MATCH(K$2,'Active Hour''s Dump'!$D$2:$AH$2,0) ))),"") -> 1006.813 | L290: =_xlfn.IFNA(IF(L$3="Productivity", INDEX('Productivity Dump'!$E$4:$AJ$500, MATCH($A290,'Productivity Dump'!$A$4:$A$500,0), MATCH(L$2,'Productivity Dump'!$E$3:$AJ$3,0) ), IF(L$3="Attendance", INDEX('Attendance Dump'!$E$2:$AI$400, MATCH($A290,'Attendance Dump'!$B$2:$B$400,0), MATCH(L$2,'Attendance Dump'!$E$1:$AI$1,0) ), INDEX('Active Hour''s Dump'!$D$3:$AH$337, MATCH($C290,'Active Hour''s Dump'!$A$3:$A$337,0), MATCH(L$2,'Active Hour''s Dump'!$D$2:$AH$2,0) ))),"") -> P | M290: =_xlfn.IFNA(IF(M$3="Productivity", INDEX('Productivity Dump'!$E$4:$AJ$500, MATCH($A290,'Productivity Dump'!$A$4:$A$500,0), MATCH(M$2,'Productivity Dump'!$E$3:$AJ$3,0) ), IF(M$3="Attendance", INDEX('Attendance Dump'!$E$2:$AI$400, MATCH($A290,'Attendance Dump'!$B$2:$B$400,0), MATCH(M$2,'Attendance Dump'!$E$1:$AI$1,0) ), INDEX('Active Hour''s Dump'!$D$3:$AH$337, MATCH($C290,'Active Hour''s Dump'!$A$3:$A$337,0), MATCH(M$2,'Active Hour''s Dump'!$D$2:$AH$2,0) ))),"") -> 9.25 | N290: =_xlfn.IFNA(IF(N$3="Productivity", INDEX('Productivity Dump'!$E$4:$AJ$500, MATCH($A290,'Productivity Dump'!$A$4:$A$500,0), MATCH(N$2,'Productivity Dump'!$E$3:$AJ$3,0) ), IF(N$3="Attendance", INDEX('Attendance Dump'!$E$2:$AI$400, MATCH($A290,'Attendance Dump'!$B$2:$B$400,0), MATCH(N$2,'Attendance Dump'!$E$1:$AI$1,0) ), INDEX('Active Hour''s Dump'!$D$3:$AH$337, MATCH($C290,'Active Hour''s Dump'!$A$3:$A$337,0), MATCH(N$2,'Active Hour''s Dump'!$D$2:$AH$2,0) ))),"") -> 679.542 | O290: =_xlfn.IFNA(IF(O$3="Productivity", INDEX('Productivity Dump'!$E$4:$AJ$500, MATCH($A290,'Productivity Dump'!$A$4:$A$500,0), MATCH(O$2,'Productivity Dump'!$E$3:$AJ$3,0) ), IF(O$3="Attendance", INDEX('Attendance Dump'!$E$2:$AI$400, MATCH($A290,'Attendance Dump'!$B$2:$B$400,0), MATCH(O$2,'Attendance Dump'!$E$1:$AI$1,0) ), INDEX('Active Hour''s Dump'!$D$3:$AH$337, MATCH($C290,'Active Hour''s Dump'!$A$3:$A$337,0), MATCH(O$2,'Active Hour''s Dump'!$D$2:$AH$2,0) ))),"") -> P | ... CV290: =_xlfn.IFNA(IF(CV$3="Productivity", INDEX('Productivity Dump'!$E$4:$AJ$500, MATCH($A290,'Productivity Dump'!$A$4:$A$500,0), MATCH(CV$2,'Productivity Dump'!$E$3:$AJ$3,0) ), IF(CV$3="Attendance", INDEX('Attendance Dump'!$E$2:$AI$400, MATCH($A290,'Attendance Dump'!$B$2:$B$400,0), MATCH(CV$2,'Attendance Dump'!$E$1:$AI$1,0) ), INDEX('Active Hour''s Dump'!$D$3:$AH$337, MATCH($C290,'Active Hour''s Dump'!$A$3:$A$337,0), MATCH(CV$2,'Active Hour''s Dump'!$D$2:$AH$2,0) ))),"") -> 0 | DA290: =SUMIFS($H290:$CY290,$H$3:$CY$3,"Active Hours") -> 196.5 | DB290: =SUMIFS($H290:$CY290,$H$3:$CY$3,"Productivity") -> 22324.167 | DC290: =MAX(0,E290-DB290) -> 0 | DD290: =IFERROR(MAX(0,DC290/$DC$2),DC290) -> 0 | DF290: {=SUMPRODUCT( (MOD(COLUMN(H290:CV290) - COLUMN(H290), 3) = 0) * (H290:CV290 = 0) * (I290:CW290 = "P") * (COUNTIF(UKHoliday, H$2:CV$2) = 0) )} -> 0 | DG290: {=SUMPRODUCT( (MOD(COLUMN(H290:CV290) - COLUMN(H290), 3) = 0) * (H290:CV290 > 0) * (H290:CV290 < 0.5 * IF(((WEEKDAY(H$2:CV$2, 2) = 1) + (WEEKDAY(H$2:CV$2, 2) = 6)), G290, F290)) * (I290:CW290 = "P") * (COUNTIF(UKHoliday, H$2:CV$2) = 0) )} -> 0 | DH290: {=SUMPRODUCT( (MOD(COLUMN(H290:CV290) - COLUMN(H290), 3) = 0) * (H290:CV290 > 0.5 * IF(((WEEKDAY(H$2:CV$2, 2) = 1) + (WEEKDAY(H$2:CV$2, 2) = 6)), $G290, $F290)) * (H290:CV290 < 0.8 * IF(((WEEKDAY(H$2:CV$2, 2) = 1) + (WEEKDAY(H$2:CV$2, 2) = 6)), $G290, $F290)) * (I290:CW290 = "P") * (COUNTIF(UKHoliday, H$2:CV$2) = 0) )} -> 0 | DI290: {=SUMPRODUCT( (MOD(COLUMN(H290:CV290) - COLUMN(H290), 3) = 0) * (H290:CV290 > 0.8 * IF(((WEEKDAY(H$2:CV$2, 2) = 1) + (WEEKDAY(H$2:CV$2, 2) = 6)), $G290, $F290)) * (H290:CV290 < 1 * IF(((WEEKDAY(H$2:CV$2, 2) = 1) + (WEEKDAY(H$2:CV$2, 2) = 6)), $G290, $F290)) * (I290:CW290 = "P") * (COUNTIF(UKHoliday, H$2:CV$2) = 0) )} -> 3
A291: BOI11177 | B291: Prabaha Sanyal | C291: Prab11177 | D291: Prashanth | E291: 18600 | F291: =E291/$C$1 -> 930 | G291: =F291*0.5 -> 465 | H291: =_xlfn.IFNA(IF(H$3="Productivity", INDEX('Productivity Dump'!$E$4:$AJ$500, MATCH($A291,'Productivity Dump'!$A$4:$A$500,0), MATCH(H$2,'Productivity Dump'!$E$3:$AJ$3,0) ), IF(H$3="Attendance", INDEX('Attendance Dump'!$E$2:$AI$400, MATCH($A291,'Attendance Dump'!$B$2:$B$400,0), MATCH(H$2,'Attendance Dump'!$E$1:$AI$1,0) ), INDEX('Active Hour''s Dump'!$D$3:$AH$337, MATCH($C291,'Active Hour''s Dump'!$A$3:$A$337,0), MATCH(H$2,'Active Hour''s Dump'!$D$2:$AH$2,0) ))),"") -> 820.003 | I291: =_xlfn.IFNA(IF(I$3="Productivity", INDEX('Productivity Dump'!$E$4:$AJ$500, MATCH($A291,'Productivity Dump'!$A$4:$A$500,0), MATCH(I$2,'Productivity Dump'!$E$3:$AJ$3,0) ), IF(I$3="Attendance", INDEX('Attendance Dump'!$E$2:$AI$400, MATCH($A291,'Attendance Dump'!$B$2:$B$400,0), MATCH(I$2,'Attendance Dump'!$E$1:$AI$1,0) ), INDEX('Active Hour''s Dump'!$D$3:$AH$337, MATCH($C291,'Active Hour''s Dump'!$A$3:$A$337,0), MATCH(I$2,'Active Hour''s Dump'!$D$2:$AH$2,0) ))),"") -> P | J291: =_xlfn.IFNA(IF(J$3="Productivity", INDEX('Productivity Dump'!$E$4:$AJ$500, MATCH($A291,'Productivity Dump'!$A$4:$A$500,0), MATCH(J$2,'Productivity Dump'!$E$3:$AJ$3,0) ), IF(J$3="Attendance", INDEX('Attendance Dump'!$E$2:$AI$400, MATCH($A291,'Attendance Dump'!$B$2:$B$400,0), MATCH(J$2,'Attendance Dump'!$E$1:$AI$1,0) ), INDEX('Active Hour''s Dump'!$D$3:$AH$337, MATCH($C291,'Active Hour''s Dump'!$A$3:$A$337,0), MATCH(J$2,'Active Hour''s Dump'!$D$2:$AH$2,0) ))),"") -> 4.75 | K291: =_xlfn.IFNA(IF(K$3="Productivity", INDEX('Productivity Dump'!$E$4:$AJ$500, MATCH($A291,'Productivity Dump'!$A$4:$A$500,0), MATCH(K$2,'Productivity Dump'!$E$3:$AJ$3,0) ), IF(K$3="Attendance", INDEX('Attendance Dump'!$E$2:$AI$400, MATCH($A291,'Attendance Dump'!$B$2:$B$400,0), MATCH(K$2,'Attendance Dump'!$E$1:$AI$1,0) ), INDEX('Active Hour''s Dump'!$D$3:$AH$337, MATCH($C291,'Active Hour''s Dump'!$A$3:$A$337,0), MATCH(K$2,'Active Hour''s Dump'!$D$2:$AH$2,0) ))),"") -> 816.972 | L291: =_xlfn.IFNA(IF(L$3="Productivity", INDEX('Productivity Dump'!$E$4:$AJ$500, MATCH($A291,'Productivity Dump'!$A$4:$A$500,0), MATCH(L$2,'Productivity Dump'!$E$3:$AJ$3,0) ), IF(L$3="Attendance", INDEX('Attendance Dump'!$E$2:$AI$400, MATCH($A291,'Attendance Dump'!$B$2:$B$400,0), MATCH(L$2,'Attendance Dump'!$E$1:$AI$1,0) ), INDEX('Active Hour''s Dump'!$D$3:$AH$337, MATCH($C291,'Active Hour''s Dump'!$A$3:$A$337,0), MATCH(L$2,'Active Hour''s Dump'!$D$2:$AH$2,0) ))),"") -> P | M291: =_xlfn.IFNA(IF(M$3="Productivity", INDEX('Productivity Dump'!$E$4:$AJ$500, MATCH($A291,'Productivity Dump'!$A$4:$A$500,0), MATCH(M$2,'Productivity Dump'!$E$3:$AJ$3,0) ), IF(M$3="Attendance", INDEX('Attendance Dump'!$E$2:$AI$400, MATCH($A291,'Attendance Dump'!$B$2:$B$400,0), MATCH(M$2,'Attendance Dump'!$E$1:$AI$1,0) ), INDEX('Active Hour''s Dump'!$D$3:$AH$337, MATCH($C291,'Active Hour''s Dump'!$A$3:$A$337,0), MATCH(M$2,'Active Hour''s Dump'!$D$2:$AH$2,0) ))),"") -> 4.9166667 | N291: =_xlfn.IFNA(IF(N$3="Productivity", INDEX('Productivity Dump'!$E$4:$AJ$500, MATCH($A291,'Productivity Dump'!$A$4:$A$500,0), MATCH(N$2,'Productivity Dump'!$E$3:$AJ$3,0) ), IF(N$3="Attendance", INDEX('Attendance Dump'!$E$2:$AI$400, MATCH($A291,'Attendance Dump'!$B$2:$B$400,0), MATCH(N$2,'Attendance Dump'!$E$1:$AI$1,0) ), INDEX('Active Hour''s Dump'!$D$3:$AH$337, MATCH($C291,'Active Hour''s Dump'!$A$3:$A$337,0), MATCH(N$2,'Active Hour''s Dump'!$D$2:$AH$2,0) ))),"") -> 802.673 | O291: =_xlfn.IFNA(IF(O$3="Productivity", INDEX('Productivity Dump'!$E$4:$AJ$500, MATCH($A291,'Productivity Dump'!$A$4:$A$500,0), MATCH(O$2,'Productivity Dump'!$E$3:$AJ$3,0) ), IF(O$3="Attendance", INDEX('Attendance Dump'!$E$2:$AI$400, MATCH($A291,'Attendance Dump'!$B$2:$B$400,0), MATCH(O$2,'Attendance Dump'!$E$1:$AI$1,0) ), INDEX('Active Hour''s Dump'!$D$3:$AH$337, MATCH($C291,'Active Hour''s Dump'!$A$3:$A$337,0), MATCH(O$2,'Active Hour''s Dump'!$D$2:$AH$2,0) ))),"") -> P | ... CV291: =_xlfn.IFNA(IF(CV$3="Productivity", INDEX('Productivity Dump'!$E$4:$AJ$500, MATCH($A291,'Productivity Dump'!$A$4:$A$500,0), MATCH(CV$2,'Productivity Dump'!$E$3:$AJ$3,0) ), IF(CV$3="Attendance", INDEX('Attendance Dump'!$E$2:$AI$400, MATCH($A291,'Attendance Dump'!$B$2:$B$400,0), MATCH(CV$2,'Attendance Dump'!$E$1:$AI$1,0) ), INDEX('Active Hour''s Dump'!$D$3:$AH$337, MATCH($C291,'Active Hour''s Dump'!$A$3:$A$337,0), MATCH(CV$2,'Active Hour''s Dump'!$D$2:$AH$2,0) ))),"") -> 0 | DA291: =SUMIFS($H291:$CY291,$H$3:$CY$3,"Active Hours") -> 138.58333 | DB291: =SUMIFS($H291:$CY291,$H$3:$CY$3,"Productivity") -> 24045.893 | DC291: =MAX(0,E291-DB291) -> 0 | DD291: =IFERROR(MAX(0,DC291/$DC$2),DC291) -> 0 | DF291: {=SUMPRODUCT( (MOD(COLUMN(H291:CV291) - COLUMN(H291), 3) = 0) * (H291:CV291 = 0) * (I291:CW291 = "P") * (COUNTIF(UKHoliday, H$2:CV$2) = 0) )} -> 0 | DG291: {=SUMPRODUCT( (MOD(COLUMN(H291:CV291) - COLUMN(H291), 3) = 0) * (H291:CV291 > 0) * (H291:CV291 < 0.5 * IF(((WEEKDAY(H$2:CV$2, 2) = 1) + (WEEKDAY(H$2:CV$2, 2) = 6)), G291, F291)) * (I291:CW291 = "P") * (COUNTIF(UKHoliday, H$2:CV$2) = 0) )} -> 0 | DH291: {=SUMPRODUCT( (MOD(COLUMN(H291:CV291) - COLUMN(H291), 3) = 0) * (H291:CV291 > 0.5 * IF(((WEEKDAY(H$2:CV$2, 2) = 1) + (WEEKDAY(H$2:CV$2, 2) = 6)), $G291, $F291)) * (H291:CV291 < 0.8 * IF(((WEEKDAY(H$2:CV$2, 2) = 1) + (WEEKDAY(H$2:CV$2, 2) = 6)), $G291, $F291)) * (I291:CW291 = "P") * (COUNTIF(UKHoliday, H$2:CV$2) = 0) )} -> 0 | DI291: {=SUMPRODUCT( (MOD(COLUMN(H291:CV291) - COLUMN(H291), 3) = 0) * (H291:CV291 > 0.8 * IF(((WEEKDAY(H$2:CV$2, 2) = 1) + (WEEKDAY(H$2:CV$2, 2) = 6)), $G291, $F291)) * (H291:CV291 < 1 * IF(((WEEKDAY(H$2:CV$2, 2) = 1) + (WEEKDAY(H$2:CV$2, 2) = 6)), $G291, $F291)) * (I291:CW291 = "P") * (COUNTIF(UKHoliday, H$2:CV$2) = 0) )} -> 3
A292: BOIC010 | B292: Radha Subbaraya | C292: BOIC010 | D292: Anil K | E292: 18600 | F292: =E292/$C$1 -> 930 | G292: =F292*0.5 -> 465 | H292: =_xlfn.IFNA(IF(H$3="Productivity", INDEX('Productivity Dump'!$E$4:$AJ$500, MATCH($A292,'Productivity Dump'!$A$4:$A$500,0), MATCH(H$2,'Productivity Dump'!$E$3:$AJ$3,0) ), IF(H$3="Attendance", INDEX('Attendance Dump'!$E$2:$AI$400, MATCH($A292,'Attendance Dump'!$B$2:$B$400,0), MATCH(H$2,'Attendance Dump'!$E$1:$AI$1,0) ), INDEX('Active Hour''s Dump'!$D$3:$AH$337, MATCH($C292,'Active Hour''s Dump'!$A$3:$A$337,0), MATCH(H$2,'Active Hour''s Dump'!$D$2:$AH$2,0) ))),"") -> 906.151 | I292: =_xlfn.IFNA(IF(I$3="Productivity", INDEX('Productivity Dump'!$E$4:$AJ$500, MATCH($A292,'Productivity Dump'!$A$4:$A$500,0), MATCH(I$2,'Productivity Dump'!$E$3:$AJ$3,0) ), IF(I$3="Attendance", INDEX('Attendance Dump'!$E$2:$AI$400, MATCH($A292,'Attendance Dump'!$B$2:$B$400,0), MATCH(I$2,'Attendance Dump'!$E$1:$AI$1,0) ), INDEX('Active Hour''s Dump'!$D$3:$AH$337, MATCH($C292,'Active Hour''s Dump'!$A$3:$A$337,0), MATCH(I$2,'Active Hour''s Dump'!$D$2:$AH$2,0) ))),"") -> P | J292: =_xlfn.IFNA(IF(J$3="Productivity", INDEX('Productivity Dump'!$E$4:$AJ$500, MATCH($A292,'Productivity Dump'!$A$4:$A$500,0), MATCH(J$2,'Productivity Dump'!$E$3:$AJ$3,0) ), IF(J$3="Attendance", INDEX('Attendance Dump'!$E$2:$AI$400, MATCH($A292,'Attendance Dump'!$B$2:$B$400,0), MATCH(J$2,'Attendance Dump'!$E$1:$AI$1,0) ), INDEX('Active Hour''s Dump'!$D$3:$AH$337, MATCH($C292,'Active Hour''s Dump'!$A$3:$A$337,0), MATCH(J$2,'Active Hour''s Dump'!$D$2:$AH$2,0) ))),"") -> 8.8333333 | K292: =_xlfn.IFNA(IF(K$3="Productivity", INDEX('Productivity Dump'!$E$4:$AJ$500, MATCH($A292,'Productivity Dump'!$A$4:$A$500,0), MATCH(K$2,'Productivity Dump'!$E$3:$AJ$3,0) ), IF(K$3="Attendance", INDEX('Attendance Dump'!$E$2:$AI$400, MATCH($A292,'Attendance Dump'!$B$2:$B$400,0), MATCH(K$2,'Attendance Dump'!$E$1:$AI$1,0) ), INDEX('Active Hour''s Dump'!$D$3:$AH$337, MATCH($C292,'Active Hour''s Dump'!$A$3:$A$337,0), MATCH(K$2,'Active Hour''s Dump'!$D$2:$AH$2,0) ))),"") -> 1007.463 | L292: =_xlfn.IFNA(IF(L$3="Productivity", INDEX('Productivity Dump'!$E$4:$AJ$500, MATCH($A292,'Productivity Dump'!$A$4:$A$500,0), MATCH(L$2,'Productivity Dump'!$E$3:$AJ$3,0) ), IF(L$3="Attendance", INDEX('Attendance Dump'!$E$2:$AI$400, MATCH($A292,'Attendance Dump'!$B$2:$B$400,0), MATCH(L$2,'Attendance Dump'!$E$1:$AI$1,0) ), INDEX('Active Hour''s Dump'!$D$3:$AH$337, MATCH($C292,'Active Hour''s Dump'!$A$3:$A$337,0), MATCH(L$2,'Active Hour''s Dump'!$D$2:$AH$2,0) ))),"") -> P | M292: =_xlfn.IFNA(IF(M$3="Productivity", INDEX('Productivity Dump'!$E$4:$AJ$500, MATCH($A292,'Productivity Dump'!$A$4:$A$500,0), MATCH(M$2,'Productivity Dump'!$E$3:$AJ$3,0) ), IF(M$3="Attendance", INDEX('Attendance Dump'!$E$2:$AI$400, MATCH($A292,'Attendance Dump'!$B$2:$B$400,0), MATCH(M$2,'Attendance Dump'!$E$1:$AI$1,0) ), INDEX('Active Hour''s Dump'!$D$3:$AH$337, MATCH($C292,'Active Hour''s Dump'!$A$3:$A$337,0), MATCH(M$2,'Active Hour''s Dump'!$D$2:$AH$2,0) ))),"") -> 9.5 | N292: =_xlfn.IFNA(IF(N$3="Productivity", INDEX('Productivity Dump'!$E$4:$AJ$500, MATCH($A292,'Productivity Dump'!$A$4:$A$500,0), MATCH(N$2,'Productivity Dump'!$E$3:$AJ$3,0) ), IF(N$3="Attendance", INDEX('Attendance Dump'!$E$2:$AI$400, MATCH($A292,'Attendance Dump'!$B$2:$B$400,0), MATCH(N$2,'Attendance Dump'!$E$1:$AI$1,0) ), INDEX('Active Hour''s Dump'!$D$3:$AH$337, MATCH($C292,'Active Hour''s Dump'!$A$3:$A$337,0), MATCH(N$2,'Active Hour''s Dump'!$D$2:$AH$2,0) ))),"") -> 652.378 | O292: =_xlfn.IFNA(IF(O$3="Productivity", INDEX('Productivity Dump'!$E$4:$AJ$500, MATCH($A292,'Productivity Dump'!$A$4:$A$500,0), MATCH(O$2,'Productivity Dump'!$E$3:$AJ$3,0) ), IF(O$3="Attendance", INDEX('Attendance Dump'!$E$2:$AI$400, MATCH($A292,'Attendance Dump'!$B$2:$B$400,0), MATCH(O$2,'Attendance Dump'!$E$1:$AI$1,0) ), INDEX('Active Hour''s Dump'!$D$3:$AH$337, MATCH($C292,'Active Hour''s Dump'!$A$3:$A$337,0), MATCH(O$2,'Active Hour''s Dump'!$D$2:$AH$2,0) ))),"") -> P | ... CV292: =_xlfn.IFNA(IF(CV$3="Productivity", INDEX('Productivity Dump'!$E$4:$AJ$500, MATCH($A292,'Productivity Dump'!$A$4:$A$500,0), MATCH(CV$2,'Productivity Dump'!$E$3:$AJ$3,0) ), IF(CV$3="Attendance", INDEX('Attendance Dump'!$E$2:$AI$400, MATCH($A292,'Attendance Dump'!$B$2:$B$400,0), MATCH(CV$2,'Attendance Dump'!$E$1:$AI$1,0) ), INDEX('Active Hour''s Dump'!$D$3:$AH$337, MATCH($C292,'Active Hour''s Dump'!$A$3:$A$337,0), MATCH(CV$2,'Active Hour''s Dump'!$D$2:$AH$2,0) ))),"") -> 0 | DA292: =SUMIFS($H292:$CY292,$H$3:$CY$3,"Active Hours") -> 176.25 | DB292: =SUMIFS($H292:$CY292,$H$3:$CY$3,"Productivity") -> 19182.068 | DC292: =MAX(0,E292-DB292) -> 0 | DD292: =IFERROR(MAX(0,DC292/$DC$2),DC292) -> 0 | DF292: {=SUMPRODUCT( (MOD(COLUMN(H292:CV292) - COLUMN(H292), 3) = 0) * (H292:CV292 = 0) * (I292:CW292 = "P") * (COUNTIF(UKHoliday, H$2:CV$2) = 0) )} -> 0 | DG292: {=SUMPRODUCT( (MOD(COLUMN(H292:CV292) - COLUMN(H292), 3) = 0) * (H292:CV292 > 0) * (H292:CV292 < 0.5 * IF(((WEEKDAY(H$2:CV$2, 2) = 1) + (WEEKDAY(H$2:CV$2, 2) = 6)), G292, F292)) * (I292:CW292 = "P") * (COUNTIF(UKHoliday, H$2:CV$2) = 0) )} -> 0 | DH292: {=SUMPRODUCT( (MOD(COLUMN(H292:CV292) - COLUMN(H292), 3) = 0) * (H292:CV292 > 0.5 * IF(((WEEKDAY(H$2:CV$2, 2) = 1) + (WEEKDAY(H$2:CV$2, 2) = 6)), $G292, $F292)) * (H292:CV292 < 0.8 * IF(((WEEKDAY(H$2:CV$2, 2) = 1) + (WEEKDAY(H$2:CV$2, 2) = 6)), $G292, $F292)) * (I292:CW292 = "P") * (COUNTIF(UKHoliday, H$2:CV$2) = 0) )} -> 0 | DI292: {=SUMPRODUCT( (MOD(COLUMN(H292:CV292) - COLUMN(H292), 3) = 0) * (H292:CV292 > 0.8 * IF(((WEEKDAY(H$2:CV$2, 2) = 1) + (WEEKDAY(H$2:CV$2, 2) = 6)), $G292, $F292)) * (H292:CV292 < 1 * IF(((WEEKDAY(H$2:CV$2, 2) = 1) + (WEEKDAY(H$2:CV$2, 2) = 6)), $G292, $F292)) * (I292:CW292 = "P") * (COUNTIF(UKHoliday, H$2:CV$2) = 0) )} -> 5
A293: BOI11182 | B293: Dhiman Chaudhuri | C293: dhim11182 | D293: Ranjith M | E293: 18600 | F293: =E293/$C$1 -> 930 | G293: =F293*0.5 -> 465 | H293: =_xlfn.IFNA(IF(H$3="Productivity", INDEX('Productivity Dump'!$E$4:$AJ$500, MATCH($A293,'Productivity Dump'!$A$4:$A$500,0), MATCH(H$2,'Productivity Dump'!$E$3:$AJ$3,0) ), IF(H$3="Attendance", INDEX('Attendance Dump'!$E$2:$AI$400, MATCH($A293,'Attendance Dump'!$B$2:$B$400,0), MATCH(H$2,'Attendance Dump'!$E$1:$AI$1,0) ), INDEX('Active Hour''s Dump'!$D$3:$AH$337, MATCH($C293,'Active Hour''s Dump'!$A$3:$A$337,0), MATCH(H$2,'Active Hour''s Dump'!$D$2:$AH$2,0) ))),"") -> 529.049 | I293: =_xlfn.IFNA(IF(I$3="Productivity", INDEX('Productivity Dump'!$E$4:$AJ$500, MATCH($A293,'Productivity Dump'!$A$4:$A$500,0), MATCH(I$2,'Productivity Dump'!$E$3:$AJ$3,0) ), IF(I$3="Attendance", INDEX('Attendance Dump'!$E$2:$AI$400, MATCH($A293,'Attendance Dump'!$B$2:$B$400,0), MATCH(I$2,'Attendance Dump'!$E$1:$AI$1,0) ), INDEX('Active Hour''s Dump'!$D$3:$AH$337, MATCH($C293,'Active Hour''s Dump'!$A$3:$A$337,0), MATCH(I$2,'Active Hour''s Dump'!$D$2:$AH$2,0) ))),"") -> P | J293: =_xlfn.IFNA(IF(J$3="Productivity", INDEX('Productivity Dump'!$E$4:$AJ$500, MATCH($A293,'Productivity Dump'!$A$4:$A$500,0), MATCH(J$2,'Productivity Dump'!$E$3:$AJ$3,0) ), IF(J$3="Attendance", INDEX('Attendance Dump'!$E$2:$AI$400, MATCH($A293,'Attendance Dump'!$B$2:$B$400,0), MATCH(J$2,'Attendance Dump'!$E$1:$AI$1,0) ), INDEX('Active Hour''s Dump'!$D$3:$AH$337, MATCH($C293,'Active Hour''s Dump'!$A$3:$A$337,0), MATCH(J$2,'Active Hour''s Dump'!$D$2:$AH$2,0) ))),"") -> 8.75 | K293: =_xlfn.IFNA(IF(K$3="Productivity", INDEX('Productivity Dump'!$E$4:$AJ$500, MATCH($A293,'Productivity Dump'!$A$4:$A$500,0), MATCH(K$2,'Productivity Dump'!$E$3:$AJ$3,0) ), IF(K$3="Attendance", INDEX('Attendance Dump'!$E$2:$AI$400, MATCH($A293,'Attendance Dump'!$B$2:$B$400,0), MATCH(K$2,'Attendance Dump'!$E$1:$AI$1,0) ), INDEX('Active Hour''s Dump'!$D$3:$AH$337, MATCH($C293,'Active Hour''s Dump'!$A$3:$A$337,0), MATCH(K$2,'Active Hour''s Dump'!$D$2:$AH$2,0) ))),"") -> 984.235 | L293: =_xlfn.IFNA(IF(L$3="Productivity", INDEX('Productivity Dump'!$E$4:$AJ$500, MATCH($A293,'Productivity Dump'!$A$4:$A$500,0), MATCH(L$2,'Productivity Dump'!$E$3:$AJ$3,0) ), IF(L$3="Attendance", INDEX('Attendance Dump'!$E$2:$AI$400, MATCH($A293,'Attendance Dump'!$B$2:$B$400,0), MATCH(L$2,'Attendance Dump'!$E$1:$AI$1,0) ), INDEX('Active Hour''s Dump'!$D$3:$AH$337, MATCH($C293,'Active Hour''s Dump'!$A$3:$A$337,0), MATCH(L$2,'Active Hour''s Dump'!$D$2:$AH$2,0) ))),"") -> P | M293: =_xlfn.IFNA(IF(M$3="Productivity", INDEX('Productivity Dump'!$E$4:$AJ$500, MATCH($A293,'Productivity Dump'!$A$4:$A$500,0), MATCH(M$2,'Productivity Dump'!$E$3:$AJ$3,0) ), IF(M$3="Attendance", INDEX('Attendance Dump'!$E$2:$AI$400, MATCH($A293,'Attendance Dump'!$B$2:$B$400,0), MATCH(M$2,'Attendance Dump'!$E$1:$AI$1,0) ), INDEX('Active Hour''s Dump'!$D$3:$AH$337, MATCH($C293,'Active Hour''s Dump'!$A$3:$A$337,0), MATCH(M$2,'Active Hour''s Dump'!$D$2:$AH$2,0) ))),"") -> 11.666667 | N293: =_xlfn.IFNA(IF(N$3="Productivity", INDEX('Productivity Dump'!$E$4:$AJ$500, MATCH($A293,'Productivity Dump'!$A$4:$A$500,0), MATCH(N$2,'Productivity Dump'!$E$3:$AJ$3,0) ), IF(N$3="Attendance", INDEX('Attendance Dump'!$E$2:$AI$400, MATCH($A293,'Attendance Dump'!$B$2:$B$400,0), MATCH(N$2,'Attendance Dump'!$E$1:$AI$1,0) ), INDEX('Active Hour''s Dump'!$D$3:$AH$337, MATCH($C293,'Active Hour''s Dump'!$A$3:$A$337,0), MATCH(N$2,'Active Hour''s Dump'!$D$2:$AH$2,0) ))),"") -> 872.311 | O293: =_xlfn.IFNA(IF(O$3="Productivity", INDEX('Productivity Dump'!$E$4:$AJ$500, MATCH($A293,'Productivity Dump'!$A$4:$A$500,0), MATCH(O$2,'Productivity Dump'!$E$3:$AJ$3,0) ), IF(O$3="Attendance", INDEX('Attendance Dump'!$E$2:$AI$400, MATCH($A293,'Attendance Dump'!$B$2:$B$400,0), MATCH(O$2,'Attendance Dump'!$E$1:$AI$1,0) ), INDEX('Active Hour''s Dump'!$D$3:$AH$337, MATCH($C293,'Active Hour''s Dump'!$A$3:$A$337,0), MATCH(O$2,'Active Hour''s Dump'!$D$2:$AH$2,0) ))),"") -> P | ... CV293: =_xlfn.IFNA(IF(CV$3="Productivity", INDEX('Productivity Dump'!$E$4:$AJ$500, MATCH($A293,'Productivity Dump'!$A$4:$A$500,0), MATCH(CV$2,'Productivity Dump'!$E$3:$AJ$3,0) ), IF(CV$3="Attendance", INDEX('Attendance Dump'!$E$2:$AI$400, MATCH($A293,'Attendance Dump'!$B$2:$B$400,0), MATCH(CV$2,'Attendance Dump'!$E$1:$AI$1,0) ), INDEX('Active Hour''s Dump'!$D$3:$AH$337, MATCH($C293,'Active Hour''s Dump'!$A$3:$A$337,0), MATCH(CV$2,'Active Hour''s Dump'!$D$2:$AH$2,0) ))),"") -> 0 | DA293: =SUMIFS($H293:$CY293,$H$3:$CY$3,"Active Hours") -> 247.16667 | DB293: =SUMIFS($H293:$CY293,$H$3:$CY$3,"Productivity") -> 20039.994 | DC293: =MAX(0,E293-DB293) -> 0 | DD293: =IFERROR(MAX(0,DC293/$DC$2),DC293) -> 0 | DF293: {=SUMPRODUCT( (MOD(COLUMN(H293:CV293) - COLUMN(H293), 3) = 0) * (H293:CV293 = 0) * (I293:CW293 = "P") * (COUNTIF(UKHoliday, H$2:CV$2) = 0) )} -> 0 | DG293: {=SUMPRODUCT( (MOD(COLUMN(H293:CV293) - COLUMN(H293), 3) = 0) * (H293:CV293 > 0) * (H293:CV293 < 0.5 * IF(((WEEKDAY(H$2:CV$2, 2) = 1) + (WEEKDAY(H$2:CV$2, 2) = 6)), G293, F293)) * (I293:CW293 = "P") * (COUNTIF(UKHoliday, H$2:CV$2) = 0) )} -> 1 | DH293: {=SUMPRODUCT( (MOD(COLUMN(H293:CV293) - COLUMN(H293), 3) = 0) * (H293:CV293 > 0.5 * IF(((WEEKDAY(H$2:CV$2, 2) = 1) + (WEEKDAY(H$2:CV$2, 2) = 6)), $G293, $F293)) * (H293:CV293 < 0.8 * IF(((WEEKDAY(H$2:CV$2, 2) = 1) + (WEEKDAY(H$2:CV$2, 2) = 6)), $G293, $F293)) * (I293:CW293 = "P") * (COUNTIF(UKHoliday, H$2:CV$2) = 0) )} -> 3 | DI293: {=SUMPRODUCT( (MOD(COLUMN(H293:CV293) - COLUMN(H293), 3) = 0) * (H293:CV293 > 0.8 * IF(((WEEKDAY(H$2:CV$2, 2) = 1) + (WEEKDAY(H$2:CV$2, 2) = 6)), $G293, $F293)) * (H293:CV293 < 1 * IF(((WEEKDAY(H$2:CV$2, 2) = 1) + (WEEKDAY(H$2:CV$2, 2) = 6)), $G293, $F293)) * (I293:CW293 = "P") * (COUNTIF(UKHoliday, H$2:CV$2) = 0) )} -> 0
